dataset	tool	Sample	MQ	NC	NC+gunc
ocean	binny	SRR2032810	23	11	7
ocean	binny	SRR2053274	12	3	3
ocean	binny	SRR2053276	11	0	0
ocean	binny	SRR2053277	22	9	8
ocean	binny	SRR2053278	3	0	0
ocean	binny	SRR2053280	3	0	0
ocean	binny	SRR2053281	0	0	0
ocean	binny	SRR2053282	4	2	2
ocean	binny	SRR2053284	5	0	0
ocean	binny	SRR2053287	25	11	9
ocean	binny	SRR2053289	2	1	1
ocean	binny	SRR2053290	31	7	4
ocean	binny	SRR2053293	24	10	4
ocean	binny	SRR2053294	2	2	1
ocean	binny	SRR2053295	4	1	1
ocean	binny	SRR2053297	9	3	3
ocean	binny	SRR2053298	5	1	1
ocean	binny	SRR2053307	3	0	0
ocean	COMEBin	SRR2032810	31	17	15
ocean	COMEBin	SRR2053274	13	6	6
ocean	COMEBin	SRR2053275	1	0	0
ocean	COMEBin	SRR2053276	8	3	2
ocean	COMEBin	SRR2053277	29	13	11
ocean	COMEBin	SRR2053278	8	1	1
ocean	COMEBin	SRR2053280	3	0	0
ocean	COMEBin	SRR2053281	1	0	0
ocean	COMEBin	SRR2053282	6	3	3
ocean	COMEBin	SRR2053284	5	0	0
ocean	COMEBin	SRR2053287	36	19	14
ocean	COMEBin	SRR2053288	4	2	2
ocean	COMEBin	SRR2053289	4	2	2
ocean	COMEBin	SRR2053290	37	16	13
ocean	COMEBin	SRR2053293	26	13	10
ocean	COMEBin	SRR2053294	2	1	1
ocean	COMEBin	SRR2053295	5	1	1
ocean	COMEBin	SRR2053297	11	5	3
ocean	COMEBin	SRR2053298	7	1	1
ocean	COMEBin	SRR2053307	4	0	0
ocean	CONCOCT	SRR2032810	15	7	0
ocean	CONCOCT	SRR2053274	6	3	0
ocean	CONCOCT	SRR2053275	1	0	0
ocean	CONCOCT	SRR2053276	5	2	0
ocean	CONCOCT	SRR2053277	8	5	0
ocean	CONCOCT	SRR2053278	0	0	0
ocean	CONCOCT	SRR2053280	3	0	0
ocean	CONCOCT	SRR2053281	1	0	0
ocean	CONCOCT	SRR2053282	2	2	0
ocean	CONCOCT	SRR2053284	4	0	0
ocean	CONCOCT	SRR2053287	13	8	0
ocean	CONCOCT	SRR2053288	1	1	0
ocean	CONCOCT	SRR2053289	2	2	0
ocean	CONCOCT	SRR2053290	16	6	0
ocean	CONCOCT	SRR2053293	8	4	0
ocean	CONCOCT	SRR2053294	0	0	0
ocean	CONCOCT	SRR2053295	2	1	0
ocean	CONCOCT	SRR2053297	7	4	0
ocean	CONCOCT	SRR2053298	4	0	0
ocean	CONCOCT	SRR2053307	2	0	0
ocean	MaxBin2	SRR2032810	15	11	3
ocean	MaxBin2	SRR2053274	7	5	1
ocean	MaxBin2	SRR2053275	0	0	0
ocean	MaxBin2	SRR2053276	4	1	0
ocean	MaxBin2	SRR2053277	15	9	5
ocean	MaxBin2	SRR2053278	1	1	0
ocean	MaxBin2	SRR2053280	1	0	0
ocean	MaxBin2	SRR2053281	0	0	0
ocean	MaxBin2	SRR2053282	4	2	1
ocean	MaxBin2	SRR2053284	1	0	0
ocean	MaxBin2	SRR2053287	9	8	3
ocean	MaxBin2	SRR2053288	1	1	1
ocean	MaxBin2	SRR2053289	1	1	1
ocean	MaxBin2	SRR2053290	11	8	3
ocean	MaxBin2	SRR2053293	9	6	1
ocean	MaxBin2	SRR2053294	2	2	1
ocean	MaxBin2	SRR2053295	1	0	0
ocean	MaxBin2	SRR2053297	3	3	2
ocean	MaxBin2	SRR2053298	1	1	1
ocean	MaxBin2	SRR2053307	0	0	0
ocean	MetaBAT2	SRR2032810	25	10	9
ocean	MetaBAT2	SRR2053274	10	3	3
ocean	MetaBAT2	SRR2053275	0	0	0
ocean	MetaBAT2	SRR2053276	9	0	0
ocean	MetaBAT2	SRR2053277	22	6	4
ocean	MetaBAT2	SRR2053278	3	0	0
ocean	MetaBAT2	SRR2053280	2	0	0
ocean	MetaBAT2	SRR2053281	0	0	0
ocean	MetaBAT2	SRR2053282	3	1	1
ocean	MetaBAT2	SRR2053284	0	0	0
ocean	MetaBAT2	SRR2053287	25	4	4
ocean	MetaBAT2	SRR2053288	2	1	1
ocean	MetaBAT2	SRR2053289	2	0	0
ocean	MetaBAT2	SRR2053290	27	6	5
ocean	MetaBAT2	SRR2053293	16	5	5
ocean	MetaBAT2	SRR2053294	2	0	0
ocean	MetaBAT2	SRR2053295	3	0	0
ocean	MetaBAT2	SRR2053297	7	2	2
ocean	MetaBAT2	SRR2053298	2	0	0
ocean	MetaBAT2	SRR2053307	0	0	0
ocean	MetaBinner	SRR2032810	27	14	4
ocean	MetaBinner	SRR2053274	10	5	3
ocean	MetaBinner	SRR2053276	8	1	0
ocean	MetaBinner	SRR2053277	23	9	5
ocean	MetaBinner	SRR2053278	4	1	0
ocean	MetaBinner	SRR2053280	1	0	0
ocean	MetaBinner	SRR2053281	0	0	0
ocean	MetaBinner	SRR2053282	4	2	1
ocean	MetaBinner	SRR2053284	3	0	0
ocean	MetaBinner	SRR2053287	22	10	3
ocean	MetaBinner	SRR2053288	2	1	0
ocean	MetaBinner	SRR2053289	2	1	1
ocean	MetaBinner	SRR2053290	26	10	4
ocean	MetaBinner	SRR2053293	22	7	3
ocean	MetaBinner	SRR2053294	2	2	1
ocean	MetaBinner	SRR2053295	2	0	0
ocean	MetaBinner	SRR2053297	6	4	1
ocean	MetaBinner	SRR2053298	2	1	1
ocean	MetaBinner	SRR2053307	3	0	0
ocean	MetaDecoder	SRR2032810	27	14	12
ocean	MetaDecoder	SRR2053274	12	2	2
ocean	MetaDecoder	SRR2053276	9	0	0
ocean	MetaDecoder	SRR2053277	24	6	5
ocean	MetaDecoder	SRR2053278	5	0	0
ocean	MetaDecoder	SRR2053280	1	0	0
ocean	MetaDecoder	SRR2053282	5	1	1
ocean	MetaDecoder	SRR2053287	31	8	6
ocean	MetaDecoder	SRR2053288	3	1	1
ocean	MetaDecoder	SRR2053289	4	0	0
ocean	MetaDecoder	SRR2053290	28	7	5
ocean	MetaDecoder	SRR2053293	20	7	6
ocean	MetaDecoder	SRR2053294	1	0	0
ocean	MetaDecoder	SRR2053295	4	0	0
ocean	MetaDecoder	SRR2053297	13	2	2
ocean	MetaDecoder	SRR2053298	2	0	0
ocean	MetaDecoder	SRR2053307	0	0	0
ocean	SemiBin2	SRR2032810	28	13	12
ocean	SemiBin2	SRR2053274	11	5	5
ocean	SemiBin2	SRR2053275	0	0	0
ocean	SemiBin2	SRR2053276	9	0	0
ocean	SemiBin2	SRR2053277	28	8	7
ocean	SemiBin2	SRR2053278	4	0	0
ocean	SemiBin2	SRR2053280	2	0	0
ocean	SemiBin2	SRR2053281	0	0	0
ocean	SemiBin2	SRR2053282	4	1	1
ocean	SemiBin2	SRR2053284	0	0	0
ocean	SemiBin2	SRR2053287	33	10	10
ocean	SemiBin2	SRR2053288	2	1	1
ocean	SemiBin2	SRR2053289	3	1	1
ocean	SemiBin2	SRR2053290	29	8	8
ocean	SemiBin2	SRR2053293	22	7	6
ocean	SemiBin2	SRR2053294	2	1	1
ocean	SemiBin2	SRR2053295	5	0	0
ocean	SemiBin2	SRR2053297	10	2	2
ocean	SemiBin2	SRR2053298	2	0	0
ocean	SemiBin2	SRR2053307	0	0	0
ocean	SemiBin2(multi)	SRR2032810	30	14	13
ocean	SemiBin2(multi)	SRR2053274	10	4	4
ocean	SemiBin2(multi)	SRR2053275	0	0	0
ocean	SemiBin2(multi)	SRR2053276	8	0	0
ocean	SemiBin2(multi)	SRR2053277	27	10	7
ocean	SemiBin2(multi)	SRR2053278	4	0	0
ocean	SemiBin2(multi)	SRR2053280	2	0	0
ocean	SemiBin2(multi)	SRR2053281	0	0	0
ocean	SemiBin2(multi)	SRR2053282	8	2	2
ocean	SemiBin2(multi)	SRR2053284	0	0	0
ocean	SemiBin2(multi)	SRR2053287	33	11	10
ocean	SemiBin2(multi)	SRR2053288	5	2	2
ocean	SemiBin2(multi)	SRR2053289	5	3	3
ocean	SemiBin2(multi)	SRR2053290	31	7	7
ocean	SemiBin2(multi)	SRR2053293	28	9	8
ocean	SemiBin2(multi)	SRR2053294	2	0	0
ocean	SemiBin2(multi)	SRR2053295	4	0	0
ocean	SemiBin2(multi)	SRR2053297	11	6	6
ocean	SemiBin2(multi)	SRR2053298	5	0	0
ocean	SemiBin2(multi)	SRR2053307	0	0	0
ocean	VAMB	SRR2032810	17	7	7
ocean	VAMB	SRR2053274	7	2	2
ocean	VAMB	SRR2053276	3	0	0
ocean	VAMB	SRR2053277	16	5	4
ocean	VAMB	SRR2053287	13	4	3
ocean	VAMB	SRR2053290	14	5	5
ocean	VAMB	SRR2053293	10	1	0
ocean	VAMB	SRR2053297	6	1	1
ocean	VAMB(multi)	SRR2032810	25	12	10
ocean	VAMB(multi)	SRR2053274	8	4	4
ocean	VAMB(multi)	SRR2053275	0	0	0
ocean	VAMB(multi)	SRR2053276	5	0	0
ocean	VAMB(multi)	SRR2053277	18	5	4
ocean	VAMB(multi)	SRR2053278	1	1	1
ocean	VAMB(multi)	SRR2053280	1	0	0
ocean	VAMB(multi)	SRR2053281	0	0	0
ocean	VAMB(multi)	SRR2053282	4	1	1
ocean	VAMB(multi)	SRR2053284	0	0	0
ocean	VAMB(multi)	SRR2053287	22	8	6
ocean	VAMB(multi)	SRR2053288	3	2	1
ocean	VAMB(multi)	SRR2053289	4	2	1
ocean	VAMB(multi)	SRR2053290	24	9	8
ocean	VAMB(multi)	SRR2053293	17	8	7
ocean	VAMB(multi)	SRR2053294	2	0	0
ocean	VAMB(multi)	SRR2053295	2	0	0
ocean	VAMB(multi)	SRR2053297	7	3	2
ocean	VAMB(multi)	SRR2053298	2	0	0
ocean	VAMB(multi)	SRR2053307	0	0	0
gut_11.6Gb	binny	SRR11649929	17	9	3
gut_11.6Gb	binny	SRR11649930	38	23	15
gut_11.6Gb	binny	SRR11649932	24	15	11
gut_11.6Gb	binny	SRR11649933	46	28	19
gut_11.6Gb	binny	SRR11649938	14	9	6
gut_11.6Gb	binny	SRR11649939	23	13	10
gut_11.6Gb	binny	SRR11649942	33	20	13
gut_11.6Gb	binny	SRR11649944	43	23	17
gut_11.6Gb	binny	SRR11649949	49	29	20
gut_11.6Gb	binny	SRR11649950	28	12	10
gut_11.6Gb	binny	SRR11649951	55	31	19
gut_11.6Gb	binny	SRR11649952	29	16	12
gut_11.6Gb	binny	SRR11649954	17	11	6
gut_11.6Gb	binny	SRR11649955	35	21	14
gut_11.6Gb	binny	SRR11649956	59	36	24
gut_11.6Gb	binny	SRR11649961	32	15	9
gut_11.6Gb	binny	SRR11649964	32	19	15
gut_11.6Gb	binny	SRR11649967	48	25	14
gut_11.6Gb	binny	SRR11649977	34	15	8
gut_11.6Gb	binny	SRR11649983	63	43	27
gut_11.6Gb	COMEBin	SRR11649929	39	25	19
gut_11.6Gb	COMEBin	SRR11649930	54	32	26
gut_11.6Gb	COMEBin	SRR11649932	34	23	17
gut_11.6Gb	COMEBin	SRR11649933	61	39	32
gut_11.6Gb	COMEBin	SRR11649938	21	11	9
gut_11.6Gb	COMEBin	SRR11649939	24	19	13
gut_11.6Gb	COMEBin	SRR11649942	45	34	23
gut_11.6Gb	COMEBin	SRR11649944	54	37	24
gut_11.6Gb	COMEBin	SRR11649949	65	38	32
gut_11.6Gb	COMEBin	SRR11649950	35	21	17
gut_11.6Gb	COMEBin	SRR11649951	77	44	38
gut_11.6Gb	COMEBin	SRR11649952	41	30	21
gut_11.6Gb	COMEBin	SRR11649954	20	14	10
gut_11.6Gb	COMEBin	SRR11649955	40	27	23
gut_11.6Gb	COMEBin	SRR11649956	78	46	39
gut_11.6Gb	COMEBin	SRR11649961	49	29	17
gut_11.6Gb	COMEBin	SRR11649964	50	30	23
gut_11.6Gb	COMEBin	SRR11649967	71	39	34
gut_11.6Gb	COMEBin	SRR11649977	57	24	15
gut_11.6Gb	COMEBin	SRR11649983	68	47	32
gut_11.6Gb	CONCOCT	SRR11649929	19	14	10
gut_11.6Gb	CONCOCT	SRR11649930	23	13	10
gut_11.6Gb	CONCOCT	SRR11649932	16	14	13
gut_11.6Gb	CONCOCT	SRR11649933	33	23	17
gut_11.6Gb	CONCOCT	SRR11649938	15	8	8
gut_11.6Gb	CONCOCT	SRR11649939	17	13	9
gut_11.6Gb	CONCOCT	SRR11649942	25	19	16
gut_11.6Gb	CONCOCT	SRR11649944	29	20	17
gut_11.6Gb	CONCOCT	SRR11649949	40	25	20
gut_11.6Gb	CONCOCT	SRR11649950	19	11	9
gut_11.6Gb	CONCOCT	SRR11649951	35	26	24
gut_11.6Gb	CONCOCT	SRR11649952	24	16	11
gut_11.6Gb	CONCOCT	SRR11649954	9	6	5
gut_11.6Gb	CONCOCT	SRR11649955	24	17	15
gut_11.6Gb	CONCOCT	SRR11649956	43	30	23
gut_11.6Gb	CONCOCT	SRR11649961	24	14	9
gut_11.6Gb	CONCOCT	SRR11649964	24	18	12
gut_11.6Gb	CONCOCT	SRR11649967	36	25	18
gut_11.6Gb	CONCOCT	SRR11649977	23	14	6
gut_11.6Gb	CONCOCT	SRR11649983	31	23	16
gut_11.6Gb	MaxBin2	SRR11649929	12	6	3
gut_11.6Gb	MaxBin2	SRR11649930	17	13	5
gut_11.6Gb	MaxBin2	SRR11649932	15	8	1
gut_11.6Gb	MaxBin2	SRR11649933	30	21	8
gut_11.6Gb	MaxBin2	SRR11649938	7	5	3
gut_11.6Gb	MaxBin2	SRR11649939	12	7	3
gut_11.6Gb	MaxBin2	SRR11649942	29	16	7
gut_11.6Gb	MaxBin2	SRR11649944	23	17	7
gut_11.6Gb	MaxBin2	SRR11649949	23	14	7
gut_11.6Gb	MaxBin2	SRR11649950	9	8	4
gut_11.6Gb	MaxBin2	SRR11649951	32	23	13
gut_11.6Gb	MaxBin2	SRR11649952	15	9	3
gut_11.6Gb	MaxBin2	SRR11649954	9	7	3
gut_11.6Gb	MaxBin2	SRR11649955	20	15	8
gut_11.6Gb	MaxBin2	SRR11649956	33	20	11
gut_11.6Gb	MaxBin2	SRR11649961	20	11	7
gut_11.6Gb	MaxBin2	SRR11649964	21	12	5
gut_11.6Gb	MaxBin2	SRR11649967	21	16	6
gut_11.6Gb	MaxBin2	SRR11649977	22	16	5
gut_11.6Gb	MaxBin2	SRR11649983	30	26	9
gut_11.6Gb	MetaBAT2	SRR11649929	20	4	2
gut_11.6Gb	MetaBAT2	SRR11649930	38	14	12
gut_11.6Gb	MetaBAT2	SRR11649932	25	7	5
gut_11.6Gb	MetaBAT2	SRR11649933	53	20	18
gut_11.6Gb	MetaBAT2	SRR11649938	15	8	8
gut_11.6Gb	MetaBAT2	SRR11649939	26	9	5
gut_11.6Gb	MetaBAT2	SRR11649942	33	14	12
gut_11.6Gb	MetaBAT2	SRR11649944	43	14	12
gut_11.6Gb	MetaBAT2	SRR11649949	51	15	13
gut_11.6Gb	MetaBAT2	SRR11649950	24	8	7
gut_11.6Gb	MetaBAT2	SRR11649951	58	25	22
gut_11.6Gb	MetaBAT2	SRR11649952	28	14	13
gut_11.6Gb	MetaBAT2	SRR11649954	18	6	6
gut_11.6Gb	MetaBAT2	SRR11649955	31	12	10
gut_11.6Gb	MetaBAT2	SRR11649956	64	27	21
gut_11.6Gb	MetaBAT2	SRR11649961	31	7	7
gut_11.6Gb	MetaBAT2	SRR11649964	30	10	8
gut_11.6Gb	MetaBAT2	SRR11649967	48	21	15
gut_11.6Gb	MetaBAT2	SRR11649977	38	13	9
gut_11.6Gb	MetaBAT2	SRR11649983	54	25	22
gut_11.6Gb	MetaBinner	SRR11649929	26	15	8
gut_11.6Gb	MetaBinner	SRR11649930	36	16	10
gut_11.6Gb	MetaBinner	SRR11649932	21	12	6
gut_11.6Gb	MetaBinner	SRR11649933	46	25	13
gut_11.6Gb	MetaBinner	SRR11649938	13	8	4
gut_11.6Gb	MetaBinner	SRR11649939	21	11	9
gut_11.6Gb	MetaBinner	SRR11649942	36	19	13
gut_11.6Gb	MetaBinner	SRR11649944	48	23	16
gut_11.6Gb	MetaBinner	SRR11649949	45	18	12
gut_11.6Gb	MetaBinner	SRR11649950	20	10	8
gut_11.6Gb	MetaBinner	SRR11649951	52	27	16
gut_11.6Gb	MetaBinner	SRR11649952	31	18	9
gut_11.6Gb	MetaBinner	SRR11649954	15	10	4
gut_11.6Gb	MetaBinner	SRR11649955	32	18	11
gut_11.6Gb	MetaBinner	SRR11649956	61	31	19
gut_11.6Gb	MetaBinner	SRR11649961	39	14	9
gut_11.6Gb	MetaBinner	SRR11649964	39	21	17
gut_11.6Gb	MetaBinner	SRR11649967	49	27	12
gut_11.6Gb	MetaBinner	SRR11649977	40	15	7
gut_11.6Gb	MetaBinner	SRR11649983	58	35	23
gut_11.6Gb	MetaDecoder	SRR11649929	33	15	14
gut_11.6Gb	MetaDecoder	SRR11649930	41	18	16
gut_11.6Gb	MetaDecoder	SRR11649932	32	14	12
gut_11.6Gb	MetaDecoder	SRR11649933	55	32	27
gut_11.6Gb	MetaDecoder	SRR11649938	16	8	8
gut_11.6Gb	MetaDecoder	SRR11649939	29	13	13
gut_11.6Gb	MetaDecoder	SRR11649942	44	23	19
gut_11.6Gb	MetaDecoder	SRR11649944	49	27	22
gut_11.6Gb	MetaDecoder	SRR11649949	59	34	31
gut_11.6Gb	MetaDecoder	SRR11649950	29	14	12
gut_11.6Gb	MetaDecoder	SRR11649951	65	32	30
gut_11.6Gb	MetaDecoder	SRR11649952	34	18	16
gut_11.6Gb	MetaDecoder	SRR11649954	17	11	9
gut_11.6Gb	MetaDecoder	SRR11649955	32	22	20
gut_11.6Gb	MetaDecoder	SRR11649956	68	34	25
gut_11.6Gb	MetaDecoder	SRR11649961	42	16	11
gut_11.6Gb	MetaDecoder	SRR11649964	35	22	19
gut_11.6Gb	MetaDecoder	SRR11649967	59	29	23
gut_11.6Gb	MetaDecoder	SRR11649977	44	24	19
gut_11.6Gb	MetaDecoder	SRR11649983	62	37	28
gut_11.6Gb	SemiBin2	SRR11649929	40	16	14
gut_11.6Gb	SemiBin2	SRR11649930	48	21	21
gut_11.6Gb	SemiBin2	SRR11649932	29	13	12
gut_11.6Gb	SemiBin2	SRR11649933	53	31	29
gut_11.6Gb	SemiBin2	SRR11649938	16	8	8
gut_11.6Gb	SemiBin2	SRR11649939	30	14	14
gut_11.6Gb	SemiBin2	SRR11649942	44	23	20
gut_11.6Gb	SemiBin2	SRR11649944	49	28	26
gut_11.6Gb	SemiBin2	SRR11649949	59	28	27
gut_11.6Gb	SemiBin2	SRR11649950	31	14	12
gut_11.6Gb	SemiBin2	SRR11649951	67	37	32
gut_11.6Gb	SemiBin2	SRR11649952	37	24	22
gut_11.6Gb	SemiBin2	SRR11649954	18	10	9
gut_11.6Gb	SemiBin2	SRR11649955	38	21	19
gut_11.6Gb	SemiBin2	SRR11649956	74	36	30
gut_11.6Gb	SemiBin2	SRR11649961	43	18	17
gut_11.6Gb	SemiBin2	SRR11649964	42	24	21
gut_11.6Gb	SemiBin2	SRR11649967	56	27	22
gut_11.6Gb	SemiBin2	SRR11649977	46	23	15
gut_11.6Gb	SemiBin2	SRR11649983	63	37	30
gut_11.6Gb	SemiBin2(multi)	SRR11649929	36	16	9
gut_11.6Gb	SemiBin2(multi)	SRR11649930	49	27	20
gut_11.6Gb	SemiBin2(multi)	SRR11649932	35	15	10
gut_11.6Gb	SemiBin2(multi)	SRR11649933	56	36	29
gut_11.6Gb	SemiBin2(multi)	SRR11649938	16	9	8
gut_11.6Gb	SemiBin2(multi)	SRR11649939	32	20	15
gut_11.6Gb	SemiBin2(multi)	SRR11649942	46	27	22
gut_11.6Gb	SemiBin2(multi)	SRR11649944	54	34	25
gut_11.6Gb	SemiBin2(multi)	SRR11649949	67	38	30
gut_11.6Gb	SemiBin2(multi)	SRR11649950	32	18	15
gut_11.6Gb	SemiBin2(multi)	SRR11649951	68	39	32
gut_11.6Gb	SemiBin2(multi)	SRR11649952	38	24	21
gut_11.6Gb	SemiBin2(multi)	SRR11649954	22	10	10
gut_11.6Gb	SemiBin2(multi)	SRR11649955	38	24	19
gut_11.6Gb	SemiBin2(multi)	SRR11649956	74	47	35
gut_11.6Gb	SemiBin2(multi)	SRR11649961	47	24	15
gut_11.6Gb	SemiBin2(multi)	SRR11649964	42	26	20
gut_11.6Gb	SemiBin2(multi)	SRR11649967	60	31	17
gut_11.6Gb	SemiBin2(multi)	SRR11649977	44	24	15
gut_11.6Gb	SemiBin2(multi)	SRR11649983	68	46	26
gut_11.6Gb	VAMB	SRR11649929	22	7	7
gut_11.6Gb	VAMB	SRR11649930	23	10	10
gut_11.6Gb	VAMB	SRR11649932	19	9	8
gut_11.6Gb	VAMB	SRR11649933	36	20	19
gut_11.6Gb	VAMB	SRR11649938	9	6	6
gut_11.6Gb	VAMB	SRR11649939	15	5	5
gut_11.6Gb	VAMB	SRR11649942	24	15	14
gut_11.6Gb	VAMB	SRR11649944	28	13	13
gut_11.6Gb	VAMB	SRR11649949	33	13	12
gut_11.6Gb	VAMB	SRR11649950	18	10	10
gut_11.6Gb	VAMB	SRR11649951	38	25	24
gut_11.6Gb	VAMB	SRR11649952	28	14	13
gut_11.6Gb	VAMB	SRR11649954	13	8	8
gut_11.6Gb	VAMB	SRR11649955	20	13	13
gut_11.6Gb	VAMB	SRR11649956	45	23	22
gut_11.6Gb	VAMB	SRR11649961	25	10	9
gut_11.6Gb	VAMB	SRR11649964	21	10	8
gut_11.6Gb	VAMB	SRR11649967	32	17	15
gut_11.6Gb	VAMB	SRR11649977	25	13	11
gut_11.6Gb	VAMB	SRR11649983	48	28	27
gut_11.6Gb	VAMB(multi)	SRR11649929	30	12	12
gut_11.6Gb	VAMB(multi)	SRR11649930	38	18	18
gut_11.6Gb	VAMB(multi)	SRR11649932	27	9	7
gut_11.6Gb	VAMB(multi)	SRR11649933	50	24	23
gut_11.6Gb	VAMB(multi)	SRR11649938	10	2	2
gut_11.6Gb	VAMB(multi)	SRR11649939	22	13	12
gut_11.6Gb	VAMB(multi)	SRR11649942	37	13	13
gut_11.6Gb	VAMB(multi)	SRR11649944	46	17	17
gut_11.6Gb	VAMB(multi)	SRR11649949	56	20	19
gut_11.6Gb	VAMB(multi)	SRR11649950	23	8	8
gut_11.6Gb	VAMB(multi)	SRR11649951	52	17	17
gut_11.6Gb	VAMB(multi)	SRR11649952	33	12	11
gut_11.6Gb	VAMB(multi)	SRR11649954	16	8	8
gut_11.6Gb	VAMB(multi)	SRR11649955	27	13	13
gut_11.6Gb	VAMB(multi)	SRR11649956	61	27	26
gut_11.6Gb	VAMB(multi)	SRR11649961	34	8	6
gut_11.6Gb	VAMB(multi)	SRR11649964	30	11	11
gut_11.6Gb	VAMB(multi)	SRR11649967	43	22	18
gut_11.6Gb	VAMB(multi)	SRR11649977	38	12	11
gut_11.6Gb	VAMB(multi)	SRR11649983	51	19	19
gut_2.9Gb	binny	SRR17643462	30	16	9
gut_2.9Gb	binny	SRR17643469	13	7	4
gut_2.9Gb	binny	SRR17643478	31	13	6
gut_2.9Gb	binny	SRR17643490	34	19	11
gut_2.9Gb	binny	SRR17643494	40	24	14
gut_2.9Gb	binny	SRR17643500	24	9	4
gut_2.9Gb	binny	SRR17643512	14	7	5
gut_2.9Gb	binny	SRR17643526	25	13	7
gut_2.9Gb	binny	SRR17643565	19	9	7
gut_2.9Gb	binny	SRR17643566	27	18	12
gut_2.9Gb	binny	SRR17643573	13	5	4
gut_2.9Gb	binny	SRR17643635	33	16	11
gut_2.9Gb	binny	SRR17643636	26	11	5
gut_2.9Gb	binny	SRR17643659	34	25	19
gut_2.9Gb	binny	SRR17643663	20	12	6
gut_2.9Gb	binny	SRR17643670	14	9	4
gut_2.9Gb	binny	SRR17643852	19	10	5
gut_2.9Gb	binny	SRR17643854	18	8	4
gut_2.9Gb	binny	SRR17643864	19	11	9
gut_2.9Gb	binny	SRR17643866	32	14	7
gut_2.9Gb	COMEBin	SRR17643462	40	23	17
gut_2.9Gb	COMEBin	SRR17643469	29	13	9
gut_2.9Gb	COMEBin	SRR17643478	34	16	12
gut_2.9Gb	COMEBin	SRR17643490	43	20	15
gut_2.9Gb	COMEBin	SRR17643494	45	22	18
gut_2.9Gb	COMEBin	SRR17643500	26	9	5
gut_2.9Gb	COMEBin	SRR17643512	18	12	11
gut_2.9Gb	COMEBin	SRR17643526	37	18	14
gut_2.9Gb	COMEBin	SRR17643565	39	10	9
gut_2.9Gb	COMEBin	SRR17643566	39	22	14
gut_2.9Gb	COMEBin	SRR17643573	15	6	4
gut_2.9Gb	COMEBin	SRR17643635	44	23	17
gut_2.9Gb	COMEBin	SRR17643636	31	14	11
gut_2.9Gb	COMEBin	SRR17643659	38	25	22
gut_2.9Gb	COMEBin	SRR17643663	24	17	12
gut_2.9Gb	COMEBin	SRR17643670	19	15	9
gut_2.9Gb	COMEBin	SRR17643852	26	17	11
gut_2.9Gb	COMEBin	SRR17643854	23	11	10
gut_2.9Gb	COMEBin	SRR17643864	25	18	16
gut_2.9Gb	COMEBin	SRR17643866	40	22	12
gut_2.9Gb	CONCOCT	SRR17643462	22	14	11
gut_2.9Gb	CONCOCT	SRR17643469	5	3	3
gut_2.9Gb	CONCOCT	SRR17643478	15	7	7
gut_2.9Gb	CONCOCT	SRR17643490	19	15	11
gut_2.9Gb	CONCOCT	SRR17643494	28	16	10
gut_2.9Gb	CONCOCT	SRR17643500	17	8	3
gut_2.9Gb	CONCOCT	SRR17643512	11	7	6
gut_2.9Gb	CONCOCT	SRR17643526	19	9	8
gut_2.9Gb	CONCOCT	SRR17643565	15	7	5
gut_2.9Gb	CONCOCT	SRR17643566	23	15	12
gut_2.9Gb	CONCOCT	SRR17643573	9	5	4
gut_2.9Gb	CONCOCT	SRR17643635	22	14	12
gut_2.9Gb	CONCOCT	SRR17643636	15	7	5
gut_2.9Gb	CONCOCT	SRR17643659	18	14	9
gut_2.9Gb	CONCOCT	SRR17643663	13	8	7
gut_2.9Gb	CONCOCT	SRR17643670	7	5	5
gut_2.9Gb	CONCOCT	SRR17643852	15	10	4
gut_2.9Gb	CONCOCT	SRR17643854	10	6	4
gut_2.9Gb	CONCOCT	SRR17643864	13	9	7
gut_2.9Gb	CONCOCT	SRR17643866	22	11	9
gut_2.9Gb	MaxBin2	SRR17643462	18	9	0
gut_2.9Gb	MaxBin2	SRR17643469	5	1	1
gut_2.9Gb	MaxBin2	SRR17643478	11	9	3
gut_2.9Gb	MaxBin2	SRR17643490	18	15	2
gut_2.9Gb	MaxBin2	SRR17643494	21	13	3
gut_2.9Gb	MaxBin2	SRR17643500	6	3	0
gut_2.9Gb	MaxBin2	SRR17643512	9	7	3
gut_2.9Gb	MaxBin2	SRR17643526	12	6	4
gut_2.9Gb	MaxBin2	SRR17643565	11	6	0
gut_2.9Gb	MaxBin2	SRR17643566	13	8	1
gut_2.9Gb	MaxBin2	SRR17643573	8	5	3
gut_2.9Gb	MaxBin2	SRR17643635	11	6	2
gut_2.9Gb	MaxBin2	SRR17643636	9	7	1
gut_2.9Gb	MaxBin2	SRR17643659	12	11	2
gut_2.9Gb	MaxBin2	SRR17643663	11	7	1
gut_2.9Gb	MaxBin2	SRR17643670	10	7	0
gut_2.9Gb	MaxBin2	SRR17643852	11	8	3
gut_2.9Gb	MaxBin2	SRR17643854	10	7	3
gut_2.9Gb	MaxBin2	SRR17643864	10	8	4
gut_2.9Gb	MaxBin2	SRR17643866	9	8	2
gut_2.9Gb	MetaBAT2	SRR17643462	27	8	6
gut_2.9Gb	MetaBAT2	SRR17643469	13	3	3
gut_2.9Gb	MetaBAT2	SRR17643478	24	9	9
gut_2.9Gb	MetaBAT2	SRR17643490	29	14	11
gut_2.9Gb	MetaBAT2	SRR17643494	27	14	12
gut_2.9Gb	MetaBAT2	SRR17643500	16	4	3
gut_2.9Gb	MetaBAT2	SRR17643512	16	1	1
gut_2.9Gb	MetaBAT2	SRR17643526	19	8	7
gut_2.9Gb	MetaBAT2	SRR17643565	20	7	6
gut_2.9Gb	MetaBAT2	SRR17643566	27	9	9
gut_2.9Gb	MetaBAT2	SRR17643573	12	0	0
gut_2.9Gb	MetaBAT2	SRR17643635	29	7	6
gut_2.9Gb	MetaBAT2	SRR17643636	23	4	4
gut_2.9Gb	MetaBAT2	SRR17643659	28	15	13
gut_2.9Gb	MetaBAT2	SRR17643663	16	5	5
gut_2.9Gb	MetaBAT2	SRR17643670	12	4	3
gut_2.9Gb	MetaBAT2	SRR17643852	20	6	5
gut_2.9Gb	MetaBAT2	SRR17643854	15	6	5
gut_2.9Gb	MetaBAT2	SRR17643864	20	6	5
gut_2.9Gb	MetaBAT2	SRR17643866	25	7	5
gut_2.9Gb	MetaBinner	SRR17643462	24	13	6
gut_2.9Gb	MetaBinner	SRR17643469	12	5	2
gut_2.9Gb	MetaBinner	SRR17643478	26	11	10
gut_2.9Gb	MetaBinner	SRR17643490	31	16	9
gut_2.9Gb	MetaBinner	SRR17643494	34	18	14
gut_2.9Gb	MetaBinner	SRR17643500	17	6	1
gut_2.9Gb	MetaBinner	SRR17643512	16	8	5
gut_2.9Gb	MetaBinner	SRR17643526	25	9	6
gut_2.9Gb	MetaBinner	SRR17643565	19	7	2
gut_2.9Gb	MetaBinner	SRR17643566	25	14	9
gut_2.9Gb	MetaBinner	SRR17643573	12	5	4
gut_2.9Gb	MetaBinner	SRR17643635	31	9	5
gut_2.9Gb	MetaBinner	SRR17643636	21	10	3
gut_2.9Gb	MetaBinner	SRR17643659	25	15	13
gut_2.9Gb	MetaBinner	SRR17643663	16	9	5
gut_2.9Gb	MetaBinner	SRR17643670	14	7	3
gut_2.9Gb	MetaBinner	SRR17643852	19	11	8
gut_2.9Gb	MetaBinner	SRR17643854	13	7	4
gut_2.9Gb	MetaBinner	SRR17643864	19	11	8
gut_2.9Gb	MetaBinner	SRR17643866	27	11	5
gut_2.9Gb	MetaDecoder	SRR17643462	28	16	14
gut_2.9Gb	MetaDecoder	SRR17643469	16	7	4
gut_2.9Gb	MetaDecoder	SRR17643478	27	12	12
gut_2.9Gb	MetaDecoder	SRR17643490	31	20	17
gut_2.9Gb	MetaDecoder	SRR17643494	35	21	18
gut_2.9Gb	MetaDecoder	SRR17643500	18	7	5
gut_2.9Gb	MetaDecoder	SRR17643512	21	7	7
gut_2.9Gb	MetaDecoder	SRR17643526	23	10	9
gut_2.9Gb	MetaDecoder	SRR17643565	26	9	8
gut_2.9Gb	MetaDecoder	SRR17643566	31	16	12
gut_2.9Gb	MetaDecoder	SRR17643573	15	4	4
gut_2.9Gb	MetaDecoder	SRR17643635	33	12	10
gut_2.9Gb	MetaDecoder	SRR17643636	24	9	8
gut_2.9Gb	MetaDecoder	SRR17643659	31	22	19
gut_2.9Gb	MetaDecoder	SRR17643663	21	10	9
gut_2.9Gb	MetaDecoder	SRR17643670	19	14	12
gut_2.9Gb	MetaDecoder	SRR17643852	23	11	11
gut_2.9Gb	MetaDecoder	SRR17643854	18	9	7
gut_2.9Gb	MetaDecoder	SRR17643864	23	12	12
gut_2.9Gb	MetaDecoder	SRR17643866	34	16	12
gut_2.9Gb	SemiBin2	SRR17643462	31	15	15
gut_2.9Gb	SemiBin2	SRR17643469	20	7	5
gut_2.9Gb	SemiBin2	SRR17643478	31	12	12
gut_2.9Gb	SemiBin2	SRR17643490	38	19	15
gut_2.9Gb	SemiBin2	SRR17643494	34	20	17
gut_2.9Gb	SemiBin2	SRR17643500	24	5	2
gut_2.9Gb	SemiBin2	SRR17643512	22	7	7
gut_2.9Gb	SemiBin2	SRR17643526	26	12	9
gut_2.9Gb	SemiBin2	SRR17643565	27	11	10
gut_2.9Gb	SemiBin2	SRR17643566	34	14	11
gut_2.9Gb	SemiBin2	SRR17643573	14	3	3
gut_2.9Gb	SemiBin2	SRR17643635	36	13	11
gut_2.9Gb	SemiBin2	SRR17643636	27	9	9
gut_2.9Gb	SemiBin2	SRR17643659	31	25	22
gut_2.9Gb	SemiBin2	SRR17643663	20	10	8
gut_2.9Gb	SemiBin2	SRR17643670	17	13	10
gut_2.9Gb	SemiBin2	SRR17643852	26	13	11
gut_2.9Gb	SemiBin2	SRR17643854	19	9	9
gut_2.9Gb	SemiBin2	SRR17643864	23	13	13
gut_2.9Gb	SemiBin2	SRR17643866	37	14	12
gut_2.9Gb	SemiBin2(multi)	SRR17643462	36	18	16
gut_2.9Gb	SemiBin2(multi)	SRR17643469	29	9	7
gut_2.9Gb	SemiBin2(multi)	SRR17643478	31	11	10
gut_2.9Gb	SemiBin2(multi)	SRR17643490	38	16	10
gut_2.9Gb	SemiBin2(multi)	SRR17643494	41	21	15
gut_2.9Gb	SemiBin2(multi)	SRR17643500	22	8	6
gut_2.9Gb	SemiBin2(multi)	SRR17643512	18	7	5
gut_2.9Gb	SemiBin2(multi)	SRR17643526	33	13	7
gut_2.9Gb	SemiBin2(multi)	SRR17643565	32	10	8
gut_2.9Gb	SemiBin2(multi)	SRR17643566	38	19	12
gut_2.9Gb	SemiBin2(multi)	SRR17643573	17	7	7
gut_2.9Gb	SemiBin2(multi)	SRR17643635	38	18	12
gut_2.9Gb	SemiBin2(multi)	SRR17643636	28	10	8
gut_2.9Gb	SemiBin2(multi)	SRR17643659	33	26	17
gut_2.9Gb	SemiBin2(multi)	SRR17643663	26	14	11
gut_2.9Gb	SemiBin2(multi)	SRR17643670	20	13	10
gut_2.9Gb	SemiBin2(multi)	SRR17643852	26	13	9
gut_2.9Gb	SemiBin2(multi)	SRR17643854	24	11	10
gut_2.9Gb	SemiBin2(multi)	SRR17643864	23	15	11
gut_2.9Gb	SemiBin2(multi)	SRR17643866	41	18	10
gut_2.9Gb	VAMB	SRR17643462	22	9	8
gut_2.9Gb	VAMB	SRR17643469	8	3	2
gut_2.9Gb	VAMB	SRR17643478	14	8	8
gut_2.9Gb	VAMB	SRR17643490	25	14	14
gut_2.9Gb	VAMB	SRR17643494	24	18	17
gut_2.9Gb	VAMB	SRR17643500	9	3	3
gut_2.9Gb	VAMB	SRR17643512	14	5	5
gut_2.9Gb	VAMB	SRR17643526	16	5	5
gut_2.9Gb	VAMB	SRR17643565	13	6	5
gut_2.9Gb	VAMB	SRR17643566	23	9	9
gut_2.9Gb	VAMB	SRR17643573	8	4	4
gut_2.9Gb	VAMB	SRR17643635	19	12	11
gut_2.9Gb	VAMB	SRR17643636	13	7	7
gut_2.9Gb	VAMB	SRR17643659	24	15	13
gut_2.9Gb	VAMB	SRR17643663	10	7	6
gut_2.9Gb	VAMB	SRR17643670	12	5	5
gut_2.9Gb	VAMB	SRR17643852	17	11	11
gut_2.9Gb	VAMB	SRR17643854	10	5	5
gut_2.9Gb	VAMB	SRR17643864	14	6	6
gut_2.9Gb	VAMB	SRR17643866	19	9	7
gut_2.9Gb	VAMB(multi)	SRR17643462	29	13	12
gut_2.9Gb	VAMB(multi)	SRR17643469	15	3	2
gut_2.9Gb	VAMB(multi)	SRR17643478	24	7	7
gut_2.9Gb	VAMB(multi)	SRR17643490	26	12	11
gut_2.9Gb	VAMB(multi)	SRR17643494	31	15	14
gut_2.9Gb	VAMB(multi)	SRR17643500	19	6	5
gut_2.9Gb	VAMB(multi)	SRR17643512	19	8	8
gut_2.9Gb	VAMB(multi)	SRR17643526	24	9	8
gut_2.9Gb	VAMB(multi)	SRR17643565	21	7	7
gut_2.9Gb	VAMB(multi)	SRR17643566	28	12	10
gut_2.9Gb	VAMB(multi)	SRR17643573	14	5	4
gut_2.9Gb	VAMB(multi)	SRR17643635	30	10	9
gut_2.9Gb	VAMB(multi)	SRR17643636	22	7	6
gut_2.9Gb	VAMB(multi)	SRR17643659	29	13	13
gut_2.9Gb	VAMB(multi)	SRR17643663	20	7	7
gut_2.9Gb	VAMB(multi)	SRR17643670	17	6	6
gut_2.9Gb	VAMB(multi)	SRR17643852	17	7	7
gut_2.9Gb	VAMB(multi)	SRR17643854	14	8	8
gut_2.9Gb	VAMB(multi)	SRR17643864	19	7	7
gut_2.9Gb	VAMB(multi)	SRR17643866	31	8	6
gut_4.5Gb	binny	ERR2619707	19	13	9
gut_4.5Gb	binny	ERR2619710	19	8	7
gut_4.5Gb	binny	ERR2619711	31	18	13
gut_4.5Gb	binny	ERR2619714	32	15	12
gut_4.5Gb	binny	ERR2619715	21	12	9
gut_4.5Gb	binny	ERR2619721	25	12	10
gut_4.5Gb	binny	ERR2619726	31	16	11
gut_4.5Gb	binny	ERR2619729	33	11	4
gut_4.5Gb	binny	ERR2619733	10	5	5
gut_4.5Gb	binny	ERR2619734	27	14	12
gut_4.5Gb	binny	ERR2619737	33	6	3
gut_4.5Gb	binny	ERR2619740	34	18	12
gut_4.5Gb	binny	ERR2619743	35	13	10
gut_4.5Gb	binny	ERR2619744	15	8	6
gut_4.5Gb	binny	ERR2619749	6	2	1
gut_4.5Gb	binny	ERR2619754	20	8	4
gut_4.5Gb	binny	ERR2619755	24	10	5
gut_4.5Gb	binny	ERR2619756	16	6	3
gut_4.5Gb	binny	ERR2619758	11	4	4
gut_4.5Gb	binny	ERR2619762	20	13	10
gut_4.5Gb	COMEBin	ERR2619707	25	15	14
gut_4.5Gb	COMEBin	ERR2619710	31	12	10
gut_4.5Gb	COMEBin	ERR2619711	39	22	19
gut_4.5Gb	COMEBin	ERR2619714	37	19	17
gut_4.5Gb	COMEBin	ERR2619715	30	14	11
gut_4.5Gb	COMEBin	ERR2619721	31	17	14
gut_4.5Gb	COMEBin	ERR2619726	37	19	16
gut_4.5Gb	COMEBin	ERR2619729	46	11	8
gut_4.5Gb	COMEBin	ERR2619733	24	4	4
gut_4.5Gb	COMEBin	ERR2619734	39	16	13
gut_4.5Gb	COMEBin	ERR2619737	52	15	13
gut_4.5Gb	COMEBin	ERR2619740	45	21	20
gut_4.5Gb	COMEBin	ERR2619743	45	18	17
gut_4.5Gb	COMEBin	ERR2619744	22	10	9
gut_4.5Gb	COMEBin	ERR2619749	9	2	2
gut_4.5Gb	COMEBin	ERR2619754	26	10	9
gut_4.5Gb	COMEBin	ERR2619755	30	13	12
gut_4.5Gb	COMEBin	ERR2619756	20	4	3
gut_4.5Gb	COMEBin	ERR2619758	11	5	5
gut_4.5Gb	COMEBin	ERR2619762	27	12	12
gut_4.5Gb	CONCOCT	ERR2619707	11	10	7
gut_4.5Gb	CONCOCT	ERR2619710	15	9	7
gut_4.5Gb	CONCOCT	ERR2619711	27	16	10
gut_4.5Gb	CONCOCT	ERR2619714	26	16	13
gut_4.5Gb	CONCOCT	ERR2619715	12	9	6
gut_4.5Gb	CONCOCT	ERR2619721	18	10	6
gut_4.5Gb	CONCOCT	ERR2619726	30	16	14
gut_4.5Gb	CONCOCT	ERR2619729	28	11	6
gut_4.5Gb	CONCOCT	ERR2619733	11	5	5
gut_4.5Gb	CONCOCT	ERR2619734	24	12	7
gut_4.5Gb	CONCOCT	ERR2619737	23	8	4
gut_4.5Gb	CONCOCT	ERR2619740	26	16	10
gut_4.5Gb	CONCOCT	ERR2619743	22	10	8
gut_4.5Gb	CONCOCT	ERR2619744	12	8	6
gut_4.5Gb	CONCOCT	ERR2619749	5	0	0
gut_4.5Gb	CONCOCT	ERR2619754	13	6	4
gut_4.5Gb	CONCOCT	ERR2619755	18	10	10
gut_4.5Gb	CONCOCT	ERR2619756	9	4	4
gut_4.5Gb	CONCOCT	ERR2619758	5	4	3
gut_4.5Gb	CONCOCT	ERR2619762	12	10	9
gut_4.5Gb	MaxBin2	ERR2619707	9	6	3
gut_4.5Gb	MaxBin2	ERR2619710	6	5	1
gut_4.5Gb	MaxBin2	ERR2619711	16	12	4
gut_4.5Gb	MaxBin2	ERR2619714	20	12	6
gut_4.5Gb	MaxBin2	ERR2619715	10	7	2
gut_4.5Gb	MaxBin2	ERR2619721	9	6	4
gut_4.5Gb	MaxBin2	ERR2619726	15	11	7
gut_4.5Gb	MaxBin2	ERR2619729	13	7	1
gut_4.5Gb	MaxBin2	ERR2619733	4	3	0
gut_4.5Gb	MaxBin2	ERR2619734	11	3	1
gut_4.5Gb	MaxBin2	ERR2619737	13	5	2
gut_4.5Gb	MaxBin2	ERR2619740	14	9	4
gut_4.5Gb	MaxBin2	ERR2619743	16	9	3
gut_4.5Gb	MaxBin2	ERR2619744	6	3	1
gut_4.5Gb	MaxBin2	ERR2619749	3	2	2
gut_4.5Gb	MaxBin2	ERR2619754	10	7	3
gut_4.5Gb	MaxBin2	ERR2619755	7	4	2
gut_4.5Gb	MaxBin2	ERR2619756	6	3	0
gut_4.5Gb	MaxBin2	ERR2619758	4	3	3
gut_4.5Gb	MaxBin2	ERR2619762	14	9	4
gut_4.5Gb	MetaBAT2	ERR2619707	16	9	8
gut_4.5Gb	MetaBAT2	ERR2619710	20	6	6
gut_4.5Gb	MetaBAT2	ERR2619711	31	14	12
gut_4.5Gb	MetaBAT2	ERR2619714	30	12	11
gut_4.5Gb	MetaBAT2	ERR2619715	23	8	7
gut_4.5Gb	MetaBAT2	ERR2619721	22	7	7
gut_4.5Gb	MetaBAT2	ERR2619726	31	11	11
gut_4.5Gb	MetaBAT2	ERR2619729	22	7	6
gut_4.5Gb	MetaBAT2	ERR2619733	16	2	2
gut_4.5Gb	MetaBAT2	ERR2619734	22	9	8
gut_4.5Gb	MetaBAT2	ERR2619737	32	6	6
gut_4.5Gb	MetaBAT2	ERR2619740	28	11	9
gut_4.5Gb	MetaBAT2	ERR2619743	28	12	10
gut_4.5Gb	MetaBAT2	ERR2619744	15	3	3
gut_4.5Gb	MetaBAT2	ERR2619749	4	2	2
gut_4.5Gb	MetaBAT2	ERR2619754	18	7	6
gut_4.5Gb	MetaBAT2	ERR2619755	21	7	6
gut_4.5Gb	MetaBAT2	ERR2619756	11	1	1
gut_4.5Gb	MetaBAT2	ERR2619758	10	3	3
gut_4.5Gb	MetaBAT2	ERR2619762	20	6	5
gut_4.5Gb	MetaBinner	ERR2619707	21	10	6
gut_4.5Gb	MetaBinner	ERR2619710	20	4	4
gut_4.5Gb	MetaBinner	ERR2619711	31	16	9
gut_4.5Gb	MetaBinner	ERR2619714	29	13	12
gut_4.5Gb	MetaBinner	ERR2619715	17	10	9
gut_4.5Gb	MetaBinner	ERR2619721	21	13	6
gut_4.5Gb	MetaBinner	ERR2619726	30	12	9
gut_4.5Gb	MetaBinner	ERR2619729	28	9	3
gut_4.5Gb	MetaBinner	ERR2619733	16	5	4
gut_4.5Gb	MetaBinner	ERR2619734	27	9	6
gut_4.5Gb	MetaBinner	ERR2619737	27	8	4
gut_4.5Gb	MetaBinner	ERR2619740	28	13	9
gut_4.5Gb	MetaBinner	ERR2619743	29	12	8
gut_4.5Gb	MetaBinner	ERR2619744	13	8	4
gut_4.5Gb	MetaBinner	ERR2619749	4	2	1
gut_4.5Gb	MetaBinner	ERR2619754	17	9	7
gut_4.5Gb	MetaBinner	ERR2619755	22	9	5
gut_4.5Gb	MetaBinner	ERR2619756	8	0	0
gut_4.5Gb	MetaBinner	ERR2619758	5	2	1
gut_4.5Gb	MetaBinner	ERR2619762	17	11	6
gut_4.5Gb	MetaDecoder	ERR2619707	19	11	7
gut_4.5Gb	MetaDecoder	ERR2619710	22	10	6
gut_4.5Gb	MetaDecoder	ERR2619711	34	14	12
gut_4.5Gb	MetaDecoder	ERR2619714	34	15	13
gut_4.5Gb	MetaDecoder	ERR2619715	21	9	8
gut_4.5Gb	MetaDecoder	ERR2619721	24	9	9
gut_4.5Gb	MetaDecoder	ERR2619726	33	15	14
gut_4.5Gb	MetaDecoder	ERR2619729	30	9	8
gut_4.5Gb	MetaDecoder	ERR2619733	15	4	3
gut_4.5Gb	MetaDecoder	ERR2619734	23	12	10
gut_4.5Gb	MetaDecoder	ERR2619737	33	8	8
gut_4.5Gb	MetaDecoder	ERR2619740	31	13	10
gut_4.5Gb	MetaDecoder	ERR2619743	27	10	10
gut_4.5Gb	MetaDecoder	ERR2619744	17	7	6
gut_4.5Gb	MetaDecoder	ERR2619749	4	2	2
gut_4.5Gb	MetaDecoder	ERR2619754	17	7	7
gut_4.5Gb	MetaDecoder	ERR2619755	24	10	9
gut_4.5Gb	MetaDecoder	ERR2619756	13	3	2
gut_4.5Gb	MetaDecoder	ERR2619758	9	5	5
gut_4.5Gb	MetaDecoder	ERR2619762	24	12	12
gut_4.5Gb	SemiBin2	ERR2619707	20	13	8
gut_4.5Gb	SemiBin2	ERR2619710	24	9	7
gut_4.5Gb	SemiBin2	ERR2619711	32	15	15
gut_4.5Gb	SemiBin2	ERR2619714	36	18	16
gut_4.5Gb	SemiBin2	ERR2619715	22	9	8
gut_4.5Gb	SemiBin2	ERR2619721	23	8	8
gut_4.5Gb	SemiBin2	ERR2619726	35	17	16
gut_4.5Gb	SemiBin2	ERR2619729	30	9	7
gut_4.5Gb	SemiBin2	ERR2619733	18	4	3
gut_4.5Gb	SemiBin2	ERR2619734	24	11	11
gut_4.5Gb	SemiBin2	ERR2619737	35	7	5
gut_4.5Gb	SemiBin2	ERR2619740	37	16	15
gut_4.5Gb	SemiBin2	ERR2619743	30	12	12
gut_4.5Gb	SemiBin2	ERR2619744	18	6	6
gut_4.5Gb	SemiBin2	ERR2619749	4	2	2
gut_4.5Gb	SemiBin2	ERR2619754	20	8	8
gut_4.5Gb	SemiBin2	ERR2619755	25	9	9
gut_4.5Gb	SemiBin2	ERR2619756	14	3	3
gut_4.5Gb	SemiBin2	ERR2619758	12	5	5
gut_4.5Gb	SemiBin2	ERR2619762	23	12	10
gut_4.5Gb	SemiBin2(multi)	ERR2619707	21	14	11
gut_4.5Gb	SemiBin2(multi)	ERR2619710	30	12	9
gut_4.5Gb	SemiBin2(multi)	ERR2619711	33	14	11
gut_4.5Gb	SemiBin2(multi)	ERR2619714	37	19	17
gut_4.5Gb	SemiBin2(multi)	ERR2619715	26	11	10
gut_4.5Gb	SemiBin2(multi)	ERR2619721	26	11	9
gut_4.5Gb	SemiBin2(multi)	ERR2619726	36	15	14
gut_4.5Gb	SemiBin2(multi)	ERR2619729	31	10	7
gut_4.5Gb	SemiBin2(multi)	ERR2619733	21	4	4
gut_4.5Gb	SemiBin2(multi)	ERR2619734	27	11	10
gut_4.5Gb	SemiBin2(multi)	ERR2619737	34	9	6
gut_4.5Gb	SemiBin2(multi)	ERR2619740	38	15	13
gut_4.5Gb	SemiBin2(multi)	ERR2619743	32	15	12
gut_4.5Gb	SemiBin2(multi)	ERR2619744	20	9	7
gut_4.5Gb	SemiBin2(multi)	ERR2619749	4	2	2
gut_4.5Gb	SemiBin2(multi)	ERR2619754	21	9	6
gut_4.5Gb	SemiBin2(multi)	ERR2619755	28	13	11
gut_4.5Gb	SemiBin2(multi)	ERR2619756	17	4	4
gut_4.5Gb	SemiBin2(multi)	ERR2619758	12	5	5
gut_4.5Gb	SemiBin2(multi)	ERR2619762	27	12	9
gut_4.5Gb	VAMB	ERR2619707	11	5	3
gut_4.5Gb	VAMB	ERR2619710	10	4	4
gut_4.5Gb	VAMB	ERR2619711	18	11	11
gut_4.5Gb	VAMB	ERR2619714	20	12	12
gut_4.5Gb	VAMB	ERR2619715	11	6	5
gut_4.5Gb	VAMB	ERR2619721	14	7	6
gut_4.5Gb	VAMB	ERR2619726	18	9	9
gut_4.5Gb	VAMB	ERR2619729	13	7	7
gut_4.5Gb	VAMB	ERR2619733	11	2	1
gut_4.5Gb	VAMB	ERR2619734	14	7	7
gut_4.5Gb	VAMB	ERR2619737	12	5	4
gut_4.5Gb	VAMB	ERR2619740	20	8	8
gut_4.5Gb	VAMB	ERR2619743	19	8	8
gut_4.5Gb	VAMB	ERR2619744	9	1	1
gut_4.5Gb	VAMB	ERR2619749	3	1	1
gut_4.5Gb	VAMB	ERR2619754	11	6	6
gut_4.5Gb	VAMB	ERR2619755	14	3	3
gut_4.5Gb	VAMB	ERR2619756	9	1	1
gut_4.5Gb	VAMB	ERR2619758	7	5	5
gut_4.5Gb	VAMB	ERR2619762	14	9	8
gut_4.5Gb	VAMB(multi)	ERR2619707	17	10	10
gut_4.5Gb	VAMB(multi)	ERR2619710	22	5	5
gut_4.5Gb	VAMB(multi)	ERR2619711	29	13	12
gut_4.5Gb	VAMB(multi)	ERR2619714	31	11	11
gut_4.5Gb	VAMB(multi)	ERR2619715	21	6	5
gut_4.5Gb	VAMB(multi)	ERR2619721	24	8	8
gut_4.5Gb	VAMB(multi)	ERR2619726	31	11	11
gut_4.5Gb	VAMB(multi)	ERR2619729	24	8	8
gut_4.5Gb	VAMB(multi)	ERR2619733	15	2	2
gut_4.5Gb	VAMB(multi)	ERR2619734	23	11	10
gut_4.5Gb	VAMB(multi)	ERR2619737	25	5	3
gut_4.5Gb	VAMB(multi)	ERR2619740	30	10	10
gut_4.5Gb	VAMB(multi)	ERR2619743	30	10	10
gut_4.5Gb	VAMB(multi)	ERR2619744	14	3	3
gut_4.5Gb	VAMB(multi)	ERR2619749	4	3	3
gut_4.5Gb	VAMB(multi)	ERR2619754	20	8	8
gut_4.5Gb	VAMB(multi)	ERR2619755	24	5	5
gut_4.5Gb	VAMB(multi)	ERR2619756	12	1	1
gut_4.5Gb	VAMB(multi)	ERR2619758	8	1	1
gut_4.5Gb	VAMB(multi)	ERR2619762	19	8	8
gut_7.2Gb	binny	ERR3607252	28	16	9
gut_7.2Gb	binny	ERR3607253	19	12	9
gut_7.2Gb	binny	ERR3607257	38	19	12
gut_7.2Gb	binny	ERR3607260	48	32	24
gut_7.2Gb	binny	ERR3607262	41	21	18
gut_7.2Gb	binny	ERR3607264	55	32	22
gut_7.2Gb	binny	ERR3607265	41	26	18
gut_7.2Gb	binny	ERR3607269	44	25	15
gut_7.2Gb	binny	ERR3607270	40	23	15
gut_7.2Gb	binny	ERR3607271	26	17	12
gut_7.2Gb	binny	ERR3607277	41	21	16
gut_7.2Gb	binny	ERR3607284	40	21	12
gut_7.2Gb	binny	ERR3607287	58	29	16
gut_7.2Gb	binny	ERR3607289	15	7	5
gut_7.2Gb	binny	ERR3607290	26	12	6
gut_7.2Gb	binny	ERR3607294	16	7	5
gut_7.2Gb	binny	ERR3607295	58	35	19
gut_7.2Gb	binny	ERR3607299	68	39	26
gut_7.2Gb	binny	ERR3607301	46	29	14
gut_7.2Gb	binny	ERR3607311	57	38	25
gut_7.2Gb	COMEBin	ERR3607252	49	26	24
gut_7.2Gb	COMEBin	ERR3607253	32	20	16
gut_7.2Gb	COMEBin	ERR3607257	68	25	22
gut_7.2Gb	COMEBin	ERR3607260	76	34	32
gut_7.2Gb	COMEBin	ERR3607262	53	24	21
gut_7.2Gb	COMEBin	ERR3607264	79	44	41
gut_7.2Gb	COMEBin	ERR3607265	49	31	28
gut_7.2Gb	COMEBin	ERR3607269	53	39	31
gut_7.2Gb	COMEBin	ERR3607270	44	30	23
gut_7.2Gb	COMEBin	ERR3607271	33	27	26
gut_7.2Gb	COMEBin	ERR3607277	59	32	29
gut_7.2Gb	COMEBin	ERR3607284	67	27	22
gut_7.2Gb	COMEBin	ERR3607287	80	35	26
gut_7.2Gb	COMEBin	ERR3607289	30	18	13
gut_7.2Gb	COMEBin	ERR3607290	34	23	15
gut_7.2Gb	COMEBin	ERR3607294	28	20	14
gut_7.2Gb	COMEBin	ERR3607295	61	39	27
gut_7.2Gb	COMEBin	ERR3607299	83	43	37
gut_7.2Gb	COMEBin	ERR3607301	57	37	24
gut_7.2Gb	COMEBin	ERR3607311	56	43	34
gut_7.2Gb	CONCOCT	ERR3607252	19	13	11
gut_7.2Gb	CONCOCT	ERR3607253	24	17	12
gut_7.2Gb	CONCOCT	ERR3607257	26	17	12
gut_7.2Gb	CONCOCT	ERR3607260	31	21	17
gut_7.2Gb	CONCOCT	ERR3607262	26	14	11
gut_7.2Gb	CONCOCT	ERR3607264	33	27	22
gut_7.2Gb	CONCOCT	ERR3607265	20	14	14
gut_7.2Gb	CONCOCT	ERR3607269	27	19	14
gut_7.2Gb	CONCOCT	ERR3607270	27	20	15
gut_7.2Gb	CONCOCT	ERR3607271	18	15	11
gut_7.2Gb	CONCOCT	ERR3607277	29	17	13
gut_7.2Gb	CONCOCT	ERR3607284	29	16	14
gut_7.2Gb	CONCOCT	ERR3607287	33	20	10
gut_7.2Gb	CONCOCT	ERR3607289	16	13	11
gut_7.2Gb	CONCOCT	ERR3607290	22	14	9
gut_7.2Gb	CONCOCT	ERR3607294	14	9	7
gut_7.2Gb	CONCOCT	ERR3607295	40	25	18
gut_7.2Gb	CONCOCT	ERR3607299	44	28	20
gut_7.2Gb	CONCOCT	ERR3607301	28	19	15
gut_7.2Gb	CONCOCT	ERR3607311	43	33	29
gut_7.2Gb	MaxBin2	ERR3607252	11	8	3
gut_7.2Gb	MaxBin2	ERR3607253	14	7	3
gut_7.2Gb	MaxBin2	ERR3607257	26	16	4
gut_7.2Gb	MaxBin2	ERR3607260	27	19	6
gut_7.2Gb	MaxBin2	ERR3607262	15	11	8
gut_7.2Gb	MaxBin2	ERR3607264	29	20	4
gut_7.2Gb	MaxBin2	ERR3607265	22	11	4
gut_7.2Gb	MaxBin2	ERR3607269	20	14	8
gut_7.2Gb	MaxBin2	ERR3607270	23	15	9
gut_7.2Gb	MaxBin2	ERR3607271	14	9	2
gut_7.2Gb	MaxBin2	ERR3607277	21	15	5
gut_7.2Gb	MaxBin2	ERR3607284	18	15	4
gut_7.2Gb	MaxBin2	ERR3607287	27	19	3
gut_7.2Gb	MaxBin2	ERR3607289	14	8	4
gut_7.2Gb	MaxBin2	ERR3607290	16	10	4
gut_7.2Gb	MaxBin2	ERR3607294	13	7	3
gut_7.2Gb	MaxBin2	ERR3607295	34	26	9
gut_7.2Gb	MaxBin2	ERR3607299	31	18	7
gut_7.2Gb	MaxBin2	ERR3607301	22	17	8
gut_7.2Gb	MaxBin2	ERR3607311	34	26	9
gut_7.2Gb	MetaBAT2	ERR3607252	34	9	5
gut_7.2Gb	MetaBAT2	ERR3607253	21	6	4
gut_7.2Gb	MetaBAT2	ERR3607257	40	8	7
gut_7.2Gb	MetaBAT2	ERR3607260	51	19	17
gut_7.2Gb	MetaBAT2	ERR3607262	37	12	11
gut_7.2Gb	MetaBAT2	ERR3607264	58	17	15
gut_7.2Gb	MetaBAT2	ERR3607265	41	19	14
gut_7.2Gb	MetaBAT2	ERR3607269	44	10	8
gut_7.2Gb	MetaBAT2	ERR3607270	40	13	11
gut_7.2Gb	MetaBAT2	ERR3607271	26	9	6
gut_7.2Gb	MetaBAT2	ERR3607277	44	12	11
gut_7.2Gb	MetaBAT2	ERR3607284	36	14	13
gut_7.2Gb	MetaBAT2	ERR3607287	62	22	18
gut_7.2Gb	MetaBAT2	ERR3607289	15	2	1
gut_7.2Gb	MetaBAT2	ERR3607290	22	3	1
gut_7.2Gb	MetaBAT2	ERR3607294	16	2	2
gut_7.2Gb	MetaBAT2	ERR3607295	40	16	13
gut_7.2Gb	MetaBAT2	ERR3607299	66	18	15
gut_7.2Gb	MetaBAT2	ERR3607301	47	16	12
gut_7.2Gb	MetaBAT2	ERR3607311	51	22	20
gut_7.2Gb	MetaBinner	ERR3607252	30	14	7
gut_7.2Gb	MetaBinner	ERR3607253	26	15	12
gut_7.2Gb	MetaBinner	ERR3607257	42	23	13
gut_7.2Gb	MetaBinner	ERR3607260	49	26	11
gut_7.2Gb	MetaBinner	ERR3607262	38	16	13
gut_7.2Gb	MetaBinner	ERR3607264	57	31	15
gut_7.2Gb	MetaBinner	ERR3607265	39	22	14
gut_7.2Gb	MetaBinner	ERR3607269	44	24	14
gut_7.2Gb	MetaBinner	ERR3607270	38	16	10
gut_7.2Gb	MetaBinner	ERR3607271	27	17	11
gut_7.2Gb	MetaBinner	ERR3607277	48	23	13
gut_7.2Gb	MetaBinner	ERR3607284	45	21	15
gut_7.2Gb	MetaBinner	ERR3607287	54	25	11
gut_7.2Gb	MetaBinner	ERR3607289	23	12	9
gut_7.2Gb	MetaBinner	ERR3607290	28	14	7
gut_7.2Gb	MetaBinner	ERR3607294	22	13	8
gut_7.2Gb	MetaBinner	ERR3607295	55	30	14
gut_7.2Gb	MetaBinner	ERR3607299	58	30	13
gut_7.2Gb	MetaBinner	ERR3607301	44	22	16
gut_7.2Gb	MetaBinner	ERR3607311	54	33	17
gut_7.2Gb	MetaDecoder	ERR3607252	39	16	13
gut_7.2Gb	MetaDecoder	ERR3607253	31	21	17
gut_7.2Gb	MetaDecoder	ERR3607257	53	26	20
gut_7.2Gb	MetaDecoder	ERR3607260	60	32	24
gut_7.2Gb	MetaDecoder	ERR3607262	47	21	16
gut_7.2Gb	MetaDecoder	ERR3607264	71	36	34
gut_7.2Gb	MetaDecoder	ERR3607265	47	25	22
gut_7.2Gb	MetaDecoder	ERR3607269	52	32	26
gut_7.2Gb	MetaDecoder	ERR3607270	45	27	23
gut_7.2Gb	MetaDecoder	ERR3607271	31	21	17
gut_7.2Gb	MetaDecoder	ERR3607277	50	22	17
gut_7.2Gb	MetaDecoder	ERR3607284	55	27	25
gut_7.2Gb	MetaDecoder	ERR3607287	71	33	25
gut_7.2Gb	MetaDecoder	ERR3607289	27	16	13
gut_7.2Gb	MetaDecoder	ERR3607290	30	17	13
gut_7.2Gb	MetaDecoder	ERR3607294	24	15	13
gut_7.2Gb	MetaDecoder	ERR3607295	62	37	27
gut_7.2Gb	MetaDecoder	ERR3607299	72	33	28
gut_7.2Gb	MetaDecoder	ERR3607301	47	26	20
gut_7.2Gb	MetaDecoder	ERR3607311	61	40	32
gut_7.2Gb	SemiBin2	ERR3607252	45	16	14
gut_7.2Gb	SemiBin2	ERR3607253	32	18	14
gut_7.2Gb	SemiBin2	ERR3607257	60	26	22
gut_7.2Gb	SemiBin2	ERR3607260	65	32	27
gut_7.2Gb	SemiBin2	ERR3607262	49	22	19
gut_7.2Gb	SemiBin2	ERR3607264	70	35	31
gut_7.2Gb	SemiBin2	ERR3607265	53	26	22
gut_7.2Gb	SemiBin2	ERR3607269	55	33	28
gut_7.2Gb	SemiBin2	ERR3607270	48	22	20
gut_7.2Gb	SemiBin2	ERR3607271	30	19	18
gut_7.2Gb	SemiBin2	ERR3607277	53	26	26
gut_7.2Gb	SemiBin2	ERR3607284	51	21	18
gut_7.2Gb	SemiBin2	ERR3607287	75	29	25
gut_7.2Gb	SemiBin2	ERR3607289	27	13	11
gut_7.2Gb	SemiBin2	ERR3607290	32	14	10
gut_7.2Gb	SemiBin2	ERR3607294	28	12	11
gut_7.2Gb	SemiBin2	ERR3607295	63	38	29
gut_7.2Gb	SemiBin2	ERR3607299	75	33	30
gut_7.2Gb	SemiBin2	ERR3607301	51	31	27
gut_7.2Gb	SemiBin2	ERR3607311	58	41	39
gut_7.2Gb	SemiBin2(multi)	ERR3607252	43	20	16
gut_7.2Gb	SemiBin2(multi)	ERR3607253	34	22	15
gut_7.2Gb	SemiBin2(multi)	ERR3607257	69	35	26
gut_7.2Gb	SemiBin2(multi)	ERR3607260	67	38	30
gut_7.2Gb	SemiBin2(multi)	ERR3607262	50	21	16
gut_7.2Gb	SemiBin2(multi)	ERR3607264	78	40	28
gut_7.2Gb	SemiBin2(multi)	ERR3607265	58	32	24
gut_7.2Gb	SemiBin2(multi)	ERR3607269	60	43	38
gut_7.2Gb	SemiBin2(multi)	ERR3607270	53	27	24
gut_7.2Gb	SemiBin2(multi)	ERR3607271	32	26	20
gut_7.2Gb	SemiBin2(multi)	ERR3607277	61	30	23
gut_7.2Gb	SemiBin2(multi)	ERR3607284	67	34	21
gut_7.2Gb	SemiBin2(multi)	ERR3607287	76	34	22
gut_7.2Gb	SemiBin2(multi)	ERR3607289	29	16	10
gut_7.2Gb	SemiBin2(multi)	ERR3607290	35	19	10
gut_7.2Gb	SemiBin2(multi)	ERR3607294	31	18	14
gut_7.2Gb	SemiBin2(multi)	ERR3607295	65	47	32
gut_7.2Gb	SemiBin2(multi)	ERR3607299	80	43	32
gut_7.2Gb	SemiBin2(multi)	ERR3607301	54	35	29
gut_7.2Gb	SemiBin2(multi)	ERR3607311	63	43	32
gut_7.2Gb	VAMB	ERR3607252	24	12	11
gut_7.2Gb	VAMB	ERR3607253	23	16	14
gut_7.2Gb	VAMB	ERR3607257	36	16	15
gut_7.2Gb	VAMB	ERR3607260	41	20	19
gut_7.2Gb	VAMB	ERR3607262	25	13	11
gut_7.2Gb	VAMB	ERR3607264	42	21	20
gut_7.2Gb	VAMB	ERR3607265	32	16	16
gut_7.2Gb	VAMB	ERR3607269	42	18	17
gut_7.2Gb	VAMB	ERR3607270	28	14	12
gut_7.2Gb	VAMB	ERR3607271	23	10	8
gut_7.2Gb	VAMB	ERR3607277	35	20	20
gut_7.2Gb	VAMB	ERR3607284	33	13	12
gut_7.2Gb	VAMB	ERR3607287	42	15	13
gut_7.2Gb	VAMB	ERR3607289	16	10	10
gut_7.2Gb	VAMB	ERR3607290	20	10	9
gut_7.2Gb	VAMB	ERR3607294	17	8	7
gut_7.2Gb	VAMB	ERR3607295	40	24	22
gut_7.2Gb	VAMB	ERR3607299	42	21	21
gut_7.2Gb	VAMB	ERR3607301	38	18	18
gut_7.2Gb	VAMB	ERR3607311	41	25	25
gut_7.2Gb	VAMB(multi)	ERR3607252	33	12	12
gut_7.2Gb	VAMB(multi)	ERR3607253	29	14	12
gut_7.2Gb	VAMB(multi)	ERR3607257	50	26	26
gut_7.2Gb	VAMB(multi)	ERR3607260	49	21	21
gut_7.2Gb	VAMB(multi)	ERR3607262	35	12	11
gut_7.2Gb	VAMB(multi)	ERR3607264	65	23	22
gut_7.2Gb	VAMB(multi)	ERR3607265	44	17	17
gut_7.2Gb	VAMB(multi)	ERR3607269	49	23	22
gut_7.2Gb	VAMB(multi)	ERR3607270	39	16	16
gut_7.2Gb	VAMB(multi)	ERR3607271	31	16	16
gut_7.2Gb	VAMB(multi)	ERR3607277	45	16	16
gut_7.2Gb	VAMB(multi)	ERR3607284	46	15	15
gut_7.2Gb	VAMB(multi)	ERR3607287	65	15	12
gut_7.2Gb	VAMB(multi)	ERR3607289	22	9	8
gut_7.2Gb	VAMB(multi)	ERR3607290	31	12	12
gut_7.2Gb	VAMB(multi)	ERR3607294	24	7	7
gut_7.2Gb	VAMB(multi)	ERR3607295	59	26	21
gut_7.2Gb	VAMB(multi)	ERR3607299	58	23	21
gut_7.2Gb	VAMB(multi)	ERR3607301	48	21	20
gut_7.2Gb	VAMB(multi)	ERR3607311	61	28	27
gut_8.5Gb	binny	ERR4330072	26	13	12
gut_8.5Gb	binny	ERR4330088	22	8	5
gut_8.5Gb	binny	ERR4333901	50	27	20
gut_8.5Gb	binny	ERR4333926	55	33	20
gut_8.5Gb	binny	ERR4334078	44	23	17
gut_8.5Gb	binny	ERR4334127	60	36	20
gut_8.5Gb	binny	ERR4334240	38	18	12
gut_8.5Gb	binny	ERR4335026	57	25	17
gut_8.5Gb	binny	ERR4335063	42	27	18
gut_8.5Gb	binny	ERR4335130	29	14	10
gut_8.5Gb	binny	ERR4335143	74	42	34
gut_8.5Gb	binny	ERR4335187	60	33	19
gut_8.5Gb	binny	ERR4335235	52	34	22
gut_8.5Gb	binny	ERR4335236	51	26	13
gut_8.5Gb	binny	ERR4341788	41	16	10
gut_8.5Gb	binny	ERR4341815	38	20	13
gut_8.5Gb	binny	ERR4341821	57	36	23
gut_8.5Gb	binny	ERR4341836	33	15	10
gut_8.5Gb	binny	ERR4341880	51	25	22
gut_8.5Gb	binny	ERR4341923	39	21	14
gut_8.5Gb	COMEBin	ERR4330072	43	27	19
gut_8.5Gb	COMEBin	ERR4330088	34	19	16
gut_8.5Gb	COMEBin	ERR4333901	72	38	34
gut_8.5Gb	COMEBin	ERR4333926	66	38	32
gut_8.5Gb	COMEBin	ERR4334078	56	35	30
gut_8.5Gb	COMEBin	ERR4334127	75	39	35
gut_8.5Gb	COMEBin	ERR4334240	63	34	31
gut_8.5Gb	COMEBin	ERR4335026	78	43	33
gut_8.5Gb	COMEBin	ERR4335063	60	41	28
gut_8.5Gb	COMEBin	ERR4335130	42	18	13
gut_8.5Gb	COMEBin	ERR4335143	96	57	48
gut_8.5Gb	COMEBin	ERR4335187	91	44	29
gut_8.5Gb	COMEBin	ERR4335235	76	44	38
gut_8.5Gb	COMEBin	ERR4335236	55	35	23
gut_8.5Gb	COMEBin	ERR4341788	64	34	25
gut_8.5Gb	COMEBin	ERR4341815	51	30	23
gut_8.5Gb	COMEBin	ERR4341821	70	44	40
gut_8.5Gb	COMEBin	ERR4341836	44	25	15
gut_8.5Gb	COMEBin	ERR4341880	62	38	37
gut_8.5Gb	COMEBin	ERR4341923	63	30	28
gut_8.5Gb	CONCOCT	ERR4330072	21	13	12
gut_8.5Gb	CONCOCT	ERR4330088	17	10	8
gut_8.5Gb	CONCOCT	ERR4333901	32	23	17
gut_8.5Gb	CONCOCT	ERR4333926	30	19	15
gut_8.5Gb	CONCOCT	ERR4334078	24	16	11
gut_8.5Gb	CONCOCT	ERR4334127	36	22	12
gut_8.5Gb	CONCOCT	ERR4334240	30	20	16
gut_8.5Gb	CONCOCT	ERR4335026	44	24	16
gut_8.5Gb	CONCOCT	ERR4335063	29	21	17
gut_8.5Gb	CONCOCT	ERR4335130	17	12	9
gut_8.5Gb	CONCOCT	ERR4335143	44	30	20
gut_8.5Gb	CONCOCT	ERR4335187	43	26	19
gut_8.5Gb	CONCOCT	ERR4335235	32	19	17
gut_8.5Gb	CONCOCT	ERR4335236	39	24	17
gut_8.5Gb	CONCOCT	ERR4341788	30	19	13
gut_8.5Gb	CONCOCT	ERR4341815	23	14	8
gut_8.5Gb	CONCOCT	ERR4341821	32	21	17
gut_8.5Gb	CONCOCT	ERR4341836	22	13	6
gut_8.5Gb	CONCOCT	ERR4341880	34	22	18
gut_8.5Gb	CONCOCT	ERR4341923	31	22	14
gut_8.5Gb	MaxBin2	ERR4330072	17	11	8
gut_8.5Gb	MaxBin2	ERR4330088	13	10	3
gut_8.5Gb	MaxBin2	ERR4333901	23	15	2
gut_8.5Gb	MaxBin2	ERR4333926	25	22	6
gut_8.5Gb	MaxBin2	ERR4334078	20	17	3
gut_8.5Gb	MaxBin2	ERR4334127	24	18	8
gut_8.5Gb	MaxBin2	ERR4334240	16	14	3
gut_8.5Gb	MaxBin2	ERR4335026	24	16	5
gut_8.5Gb	MaxBin2	ERR4335063	26	16	5
gut_8.5Gb	MaxBin2	ERR4335130	15	12	3
gut_8.5Gb	MaxBin2	ERR4335143	36	29	5
gut_8.5Gb	MaxBin2	ERR4335187	37	23	7
gut_8.5Gb	MaxBin2	ERR4335235	28	22	10
gut_8.5Gb	MaxBin2	ERR4335236	27	18	4
gut_8.5Gb	MaxBin2	ERR4341788	22	13	3
gut_8.5Gb	MaxBin2	ERR4341815	17	12	4
gut_8.5Gb	MaxBin2	ERR4341821	22	16	9
gut_8.5Gb	MaxBin2	ERR4341836	13	8	2
gut_8.5Gb	MaxBin2	ERR4341880	29	19	9
gut_8.5Gb	MaxBin2	ERR4341923	22	14	4
gut_8.5Gb	MetaBAT2	ERR4330072	26	9	7
gut_8.5Gb	MetaBAT2	ERR4330088	24	5	5
gut_8.5Gb	MetaBAT2	ERR4333901	50	19	17
gut_8.5Gb	MetaBAT2	ERR4333926	46	25	19
gut_8.5Gb	MetaBAT2	ERR4334078	41	14	13
gut_8.5Gb	MetaBAT2	ERR4334127	55	21	19
gut_8.5Gb	MetaBAT2	ERR4334240	45	11	9
gut_8.5Gb	MetaBAT2	ERR4335026	55	18	17
gut_8.5Gb	MetaBAT2	ERR4335063	42	13	11
gut_8.5Gb	MetaBAT2	ERR4335130	25	8	7
gut_8.5Gb	MetaBAT2	ERR4335143	73	30	27
gut_8.5Gb	MetaBAT2	ERR4335187	58	19	14
gut_8.5Gb	MetaBAT2	ERR4335235	52	19	18
gut_8.5Gb	MetaBAT2	ERR4335236	45	13	13
gut_8.5Gb	MetaBAT2	ERR4341788	41	8	5
gut_8.5Gb	MetaBAT2	ERR4341815	37	14	13
gut_8.5Gb	MetaBAT2	ERR4341821	53	25	20
gut_8.5Gb	MetaBAT2	ERR4341836	28	10	8
gut_8.5Gb	MetaBAT2	ERR4341880	49	20	19
gut_8.5Gb	MetaBAT2	ERR4341923	38	9	7
gut_8.5Gb	MetaBinner	ERR4330072	35	16	9
gut_8.5Gb	MetaBinner	ERR4330088	18	8	6
gut_8.5Gb	MetaBinner	ERR4333901	55	26	11
gut_8.5Gb	MetaBinner	ERR4333926	48	26	15
gut_8.5Gb	MetaBinner	ERR4334078	44	23	15
gut_8.5Gb	MetaBinner	ERR4334127	49	24	14
gut_8.5Gb	MetaBinner	ERR4334240	40	18	12
gut_8.5Gb	MetaBinner	ERR4335026	51	17	7
gut_8.5Gb	MetaBinner	ERR4335063	46	24	15
gut_8.5Gb	MetaBinner	ERR4335130	24	11	8
gut_8.5Gb	MetaBinner	ERR4335143	73	37	19
gut_8.5Gb	MetaBinner	ERR4335187	58	31	15
gut_8.5Gb	MetaBinner	ERR4335235	59	29	18
gut_8.5Gb	MetaBinner	ERR4335236	42	20	9
gut_8.5Gb	MetaBinner	ERR4341788	45	26	11
gut_8.5Gb	MetaBinner	ERR4341815	36	13	8
gut_8.5Gb	MetaBinner	ERR4341821	55	22	10
gut_8.5Gb	MetaBinner	ERR4341836	30	14	7
gut_8.5Gb	MetaBinner	ERR4341880	45	24	16
gut_8.5Gb	MetaBinner	ERR4341923	42	18	10
gut_8.5Gb	MetaDecoder	ERR4330072	34	16	15
gut_8.5Gb	MetaDecoder	ERR4330088	33	16	13
gut_8.5Gb	MetaDecoder	ERR4333901	60	34	28
gut_8.5Gb	MetaDecoder	ERR4333926	56	34	24
gut_8.5Gb	MetaDecoder	ERR4334078	50	29	27
gut_8.5Gb	MetaDecoder	ERR4334127	65	27	22
gut_8.5Gb	MetaDecoder	ERR4334240	51	25	21
gut_8.5Gb	MetaDecoder	ERR4335026	62	26	21
gut_8.5Gb	MetaDecoder	ERR4335063	56	29	25
gut_8.5Gb	MetaDecoder	ERR4335130	37	15	14
gut_8.5Gb	MetaDecoder	ERR4335143	80	46	39
gut_8.5Gb	MetaDecoder	ERR4335187	68	30	26
gut_8.5Gb	MetaDecoder	ERR4335235	64	34	33
gut_8.5Gb	MetaDecoder	ERR4335236	49	22	21
gut_8.5Gb	MetaDecoder	ERR4341788	60	29	21
gut_8.5Gb	MetaDecoder	ERR4341815	40	23	22
gut_8.5Gb	MetaDecoder	ERR4341821	61	35	26
gut_8.5Gb	MetaDecoder	ERR4341836	36	16	11
gut_8.5Gb	MetaDecoder	ERR4341880	55	32	26
gut_8.5Gb	MetaDecoder	ERR4341923	47	22	20
gut_8.5Gb	SemiBin2	ERR4330072	36	19	17
gut_8.5Gb	SemiBin2	ERR4330088	35	11	11
gut_8.5Gb	SemiBin2	ERR4333901	63	32	27
gut_8.5Gb	SemiBin2	ERR4333926	61	29	22
gut_8.5Gb	SemiBin2	ERR4334078	51	28	27
gut_8.5Gb	SemiBin2	ERR4334127	65	34	30
gut_8.5Gb	SemiBin2	ERR4334240	53	24	21
gut_8.5Gb	SemiBin2	ERR4335026	68	29	24
gut_8.5Gb	SemiBin2	ERR4335063	61	31	25
gut_8.5Gb	SemiBin2	ERR4335130	38	14	13
gut_8.5Gb	SemiBin2	ERR4335143	89	48	42
gut_8.5Gb	SemiBin2	ERR4335187	71	36	30
gut_8.5Gb	SemiBin2	ERR4335235	68	38	34
gut_8.5Gb	SemiBin2	ERR4335236	53	22	21
gut_8.5Gb	SemiBin2	ERR4341788	61	26	19
gut_8.5Gb	SemiBin2	ERR4341815	44	24	19
gut_8.5Gb	SemiBin2	ERR4341821	65	32	29
gut_8.5Gb	SemiBin2	ERR4341836	38	22	18
gut_8.5Gb	SemiBin2	ERR4341880	56	27	27
gut_8.5Gb	SemiBin2	ERR4341923	56	24	23
gut_8.5Gb	SemiBin2(multi)	ERR4330072	36	24	20
gut_8.5Gb	SemiBin2(multi)	ERR4330088	36	16	11
gut_8.5Gb	SemiBin2(multi)	ERR4333901	67	34	25
gut_8.5Gb	SemiBin2(multi)	ERR4333926	68	38	21
gut_8.5Gb	SemiBin2(multi)	ERR4334078	54	33	23
gut_8.5Gb	SemiBin2(multi)	ERR4334127	75	34	24
gut_8.5Gb	SemiBin2(multi)	ERR4334240	60	31	23
gut_8.5Gb	SemiBin2(multi)	ERR4335026	73	35	23
gut_8.5Gb	SemiBin2(multi)	ERR4335063	65	40	32
gut_8.5Gb	SemiBin2(multi)	ERR4335130	43	20	16
gut_8.5Gb	SemiBin2(multi)	ERR4335143	96	51	33
gut_8.5Gb	SemiBin2(multi)	ERR4335187	83	41	26
gut_8.5Gb	SemiBin2(multi)	ERR4335235	72	40	27
gut_8.5Gb	SemiBin2(multi)	ERR4335236	53	29	26
gut_8.5Gb	SemiBin2(multi)	ERR4341788	64	31	24
gut_8.5Gb	SemiBin2(multi)	ERR4341815	47	25	17
gut_8.5Gb	SemiBin2(multi)	ERR4341821	69	39	28
gut_8.5Gb	SemiBin2(multi)	ERR4341836	42	23	19
gut_8.5Gb	SemiBin2(multi)	ERR4341880	61	38	32
gut_8.5Gb	SemiBin2(multi)	ERR4341923	57	29	23
gut_8.5Gb	VAMB	ERR4330072	21	7	6
gut_8.5Gb	VAMB	ERR4330088	14	7	6
gut_8.5Gb	VAMB	ERR4333901	39	18	17
gut_8.5Gb	VAMB	ERR4333926	33	24	21
gut_8.5Gb	VAMB	ERR4334078	31	20	20
gut_8.5Gb	VAMB	ERR4334127	34	16	15
gut_8.5Gb	VAMB	ERR4334240	29	12	12
gut_8.5Gb	VAMB	ERR4335026	38	18	16
gut_8.5Gb	VAMB	ERR4335063	35	19	17
gut_8.5Gb	VAMB	ERR4335130	16	7	6
gut_8.5Gb	VAMB	ERR4335143	54	30	26
gut_8.5Gb	VAMB	ERR4335187	39	19	18
gut_8.5Gb	VAMB	ERR4335235	37	24	23
gut_8.5Gb	VAMB	ERR4335236	32	16	15
gut_8.5Gb	VAMB	ERR4341788	30	18	17
gut_8.5Gb	VAMB	ERR4341815	20	7	7
gut_8.5Gb	VAMB	ERR4341821	40	12	11
gut_8.5Gb	VAMB	ERR4341836	22	5	4
gut_8.5Gb	VAMB	ERR4341880	33	17	17
gut_8.5Gb	VAMB	ERR4341923	31	11	11
gut_8.5Gb	VAMB(multi)	ERR4330072	26	7	7
gut_8.5Gb	VAMB(multi)	ERR4330088	26	11	10
gut_8.5Gb	VAMB(multi)	ERR4333901	54	22	21
gut_8.5Gb	VAMB(multi)	ERR4333926	54	24	21
gut_8.5Gb	VAMB(multi)	ERR4334078	51	22	19
gut_8.5Gb	VAMB(multi)	ERR4334127	56	21	21
gut_8.5Gb	VAMB(multi)	ERR4334240	46	14	14
gut_8.5Gb	VAMB(multi)	ERR4335026	55	14	13
gut_8.5Gb	VAMB(multi)	ERR4335063	48	20	20
gut_8.5Gb	VAMB(multi)	ERR4335130	36	9	8
gut_8.5Gb	VAMB(multi)	ERR4335143	79	30	28
gut_8.5Gb	VAMB(multi)	ERR4335187	63	25	24
gut_8.5Gb	VAMB(multi)	ERR4335235	58	27	24
gut_8.5Gb	VAMB(multi)	ERR4335236	43	18	17
gut_8.5Gb	VAMB(multi)	ERR4341788	47	21	20
gut_8.5Gb	VAMB(multi)	ERR4341815	30	15	15
gut_8.5Gb	VAMB(multi)	ERR4341821	46	11	8
gut_8.5Gb	VAMB(multi)	ERR4341836	36	14	14
gut_8.5Gb	VAMB(multi)	ERR4341880	47	21	19
gut_8.5Gb	VAMB(multi)	ERR4341923	42	11	11
gut_9.4Gb	binny	DRR070900	29	17	7
gut_9.4Gb	binny	DRR070904	24	8	6
gut_9.4Gb	binny	DRR070905	27	14	9
gut_9.4Gb	binny	DRR070906	26	17	9
gut_9.4Gb	binny	DRR070907	20	12	10
gut_9.4Gb	binny	DRR070909	35	12	5
gut_9.4Gb	binny	DRR070913	17	9	6
gut_9.4Gb	binny	DRR070914	33	16	11
gut_9.4Gb	binny	DRR070917	21	10	7
gut_9.4Gb	binny	DRR070919	27	8	5
gut_9.4Gb	binny	DRR070921	34	13	6
gut_9.4Gb	binny	DRR070923	35	23	15
gut_9.4Gb	binny	DRR070924	28	13	8
gut_9.4Gb	binny	DRR070925	14	11	8
gut_9.4Gb	binny	DRR070928	19	10	5
gut_9.4Gb	binny	DRR070929	19	10	5
gut_9.4Gb	binny	DRR070930	38	18	11
gut_9.4Gb	binny	DRR070931	31	13	10
gut_9.4Gb	binny	DRR070933	30	11	7
gut_9.4Gb	binny	DRR070934	28	14	8
gut_9.4Gb	COMEBin	DRR070900	53	34	28
gut_9.4Gb	COMEBin	DRR070904	42	20	16
gut_9.4Gb	COMEBin	DRR070905	49	23	18
gut_9.4Gb	COMEBin	DRR070906	34	22	20
gut_9.4Gb	COMEBin	DRR070907	27	17	14
gut_9.4Gb	COMEBin	DRR070909	61	31	25
gut_9.4Gb	COMEBin	DRR070913	27	11	9
gut_9.4Gb	COMEBin	DRR070914	53	35	20
gut_9.4Gb	COMEBin	DRR070917	40	28	18
gut_9.4Gb	COMEBin	DRR070919	39	17	12
gut_9.4Gb	COMEBin	DRR070921	68	35	27
gut_9.4Gb	COMEBin	DRR070923	65	35	31
gut_9.4Gb	COMEBin	DRR070924	47	27	25
gut_9.4Gb	COMEBin	DRR070925	19	15	9
gut_9.4Gb	COMEBin	DRR070928	41	29	23
gut_9.4Gb	COMEBin	DRR070929	30	16	10
gut_9.4Gb	COMEBin	DRR070930	78	32	30
gut_9.4Gb	COMEBin	DRR070931	45	26	19
gut_9.4Gb	COMEBin	DRR070933	49	21	18
gut_9.4Gb	COMEBin	DRR070934	45	30	22
gut_9.4Gb	CONCOCT	DRR070900	22	14	9
gut_9.4Gb	CONCOCT	DRR070904	18	12	4
gut_9.4Gb	CONCOCT	DRR070905	23	13	8
gut_9.4Gb	CONCOCT	DRR070906	19	14	7
gut_9.4Gb	CONCOCT	DRR070907	15	11	7
gut_9.4Gb	CONCOCT	DRR070909	30	20	11
gut_9.4Gb	CONCOCT	DRR070913	14	10	9
gut_9.4Gb	CONCOCT	DRR070914	28	19	13
gut_9.4Gb	CONCOCT	DRR070917	19	14	8
gut_9.4Gb	CONCOCT	DRR070919	21	8	3
gut_9.4Gb	CONCOCT	DRR070921	27	13	10
gut_9.4Gb	CONCOCT	DRR070923	21	18	12
gut_9.4Gb	CONCOCT	DRR070924	21	13	9
gut_9.4Gb	CONCOCT	DRR070925	7	6	5
gut_9.4Gb	CONCOCT	DRR070928	19	14	9
gut_9.4Gb	CONCOCT	DRR070929	15	7	4
gut_9.4Gb	CONCOCT	DRR070930	31	15	12
gut_9.4Gb	CONCOCT	DRR070931	19	10	8
gut_9.4Gb	CONCOCT	DRR070933	23	11	9
gut_9.4Gb	CONCOCT	DRR070934	30	22	13
gut_9.4Gb	MaxBin2	DRR070900	17	12	4
gut_9.4Gb	MaxBin2	DRR070904	20	8	1
gut_9.4Gb	MaxBin2	DRR070905	16	9	4
gut_9.4Gb	MaxBin2	DRR070906	19	13	3
gut_9.4Gb	MaxBin2	DRR070907	17	13	1
gut_9.4Gb	MaxBin2	DRR070909	24	11	3
gut_9.4Gb	MaxBin2	DRR070913	13	6	4
gut_9.4Gb	MaxBin2	DRR070914	20	12	7
gut_9.4Gb	MaxBin2	DRR070917	16	9	2
gut_9.4Gb	MaxBin2	DRR070919	7	2	0
gut_9.4Gb	MaxBin2	DRR070921	23	12	2
gut_9.4Gb	MaxBin2	DRR070923	25	14	7
gut_9.4Gb	MaxBin2	DRR070924	16	12	4
gut_9.4Gb	MaxBin2	DRR070925	14	10	1
gut_9.4Gb	MaxBin2	DRR070928	19	10	4
gut_9.4Gb	MaxBin2	DRR070929	15	9	5
gut_9.4Gb	MaxBin2	DRR070930	25	13	3
gut_9.4Gb	MaxBin2	DRR070931	20	12	5
gut_9.4Gb	MaxBin2	DRR070933	14	12	2
gut_9.4Gb	MaxBin2	DRR070934	18	6	1
gut_9.4Gb	MetaBAT2	DRR070900	37	11	9
gut_9.4Gb	MetaBAT2	DRR070904	29	7	5
gut_9.4Gb	MetaBAT2	DRR070905	33	6	5
gut_9.4Gb	MetaBAT2	DRR070906	28	15	13
gut_9.4Gb	MetaBAT2	DRR070907	25	11	10
gut_9.4Gb	MetaBAT2	DRR070909	44	7	4
gut_9.4Gb	MetaBAT2	DRR070913	18	4	4
gut_9.4Gb	MetaBAT2	DRR070914	34	13	12
gut_9.4Gb	MetaBAT2	DRR070917	30	7	5
gut_9.4Gb	MetaBAT2	DRR070919	28	5	4
gut_9.4Gb	MetaBAT2	DRR070921	41	14	11
gut_9.4Gb	MetaBAT2	DRR070923	43	17	16
gut_9.4Gb	MetaBAT2	DRR070924	33	10	9
gut_9.4Gb	MetaBAT2	DRR070925	16	6	6
gut_9.4Gb	MetaBAT2	DRR070928	29	16	13
gut_9.4Gb	MetaBAT2	DRR070929	20	9	6
gut_9.4Gb	MetaBAT2	DRR070930	45	13	10
gut_9.4Gb	MetaBAT2	DRR070931	33	11	9
gut_9.4Gb	MetaBAT2	DRR070933	30	12	10
gut_9.4Gb	MetaBAT2	DRR070934	33	15	12
gut_9.4Gb	MetaBinner	DRR070900	37	18	7
gut_9.4Gb	MetaBinner	DRR070904	29	15	7
gut_9.4Gb	MetaBinner	DRR070905	29	14	7
gut_9.4Gb	MetaBinner	DRR070906	25	17	11
gut_9.4Gb	MetaBinner	DRR070907	23	13	6
gut_9.4Gb	MetaBinner	DRR070909	42	17	11
gut_9.4Gb	MetaBinner	DRR070913	17	7	7
gut_9.4Gb	MetaBinner	DRR070914	40	18	10
gut_9.4Gb	MetaBinner	DRR070917	34	15	6
gut_9.4Gb	MetaBinner	DRR070919	25	10	4
gut_9.4Gb	MetaBinner	DRR070921	54	17	9
gut_9.4Gb	MetaBinner	DRR070923	37	18	12
gut_9.4Gb	MetaBinner	DRR070924	28	15	10
gut_9.4Gb	MetaBinner	DRR070925	17	11	6
gut_9.4Gb	MetaBinner	DRR070928	34	19	12
gut_9.4Gb	MetaBinner	DRR070929	21	7	4
gut_9.4Gb	MetaBinner	DRR070930	39	16	8
gut_9.4Gb	MetaBinner	DRR070931	35	15	8
gut_9.4Gb	MetaBinner	DRR070933	29	13	3
gut_9.4Gb	MetaBinner	DRR070934	33	20	11
gut_9.4Gb	MetaDecoder	DRR070900	42	24	19
gut_9.4Gb	MetaDecoder	DRR070904	36	18	16
gut_9.4Gb	MetaDecoder	DRR070905	40	22	17
gut_9.4Gb	MetaDecoder	DRR070906	30	16	13
gut_9.4Gb	MetaDecoder	DRR070907	25	15	14
gut_9.4Gb	MetaDecoder	DRR070909	48	19	15
gut_9.4Gb	MetaDecoder	DRR070913	19	9	9
gut_9.4Gb	MetaDecoder	DRR070914	45	24	20
gut_9.4Gb	MetaDecoder	DRR070917	33	19	14
gut_9.4Gb	MetaDecoder	DRR070919	31	10	6
gut_9.4Gb	MetaDecoder	DRR070921	58	25	17
gut_9.4Gb	MetaDecoder	DRR070923	52	27	22
gut_9.4Gb	MetaDecoder	DRR070924	34	20	18
gut_9.4Gb	MetaDecoder	DRR070925	17	12	12
gut_9.4Gb	MetaDecoder	DRR070928	34	25	20
gut_9.4Gb	MetaDecoder	DRR070929	24	12	10
gut_9.4Gb	MetaDecoder	DRR070930	58	22	22
gut_9.4Gb	MetaDecoder	DRR070931	37	17	14
gut_9.4Gb	MetaDecoder	DRR070933	34	18	13
gut_9.4Gb	MetaDecoder	DRR070934	38	21	15
gut_9.4Gb	SemiBin2	DRR070900	47	25	21
gut_9.4Gb	SemiBin2	DRR070904	33	16	15
gut_9.4Gb	SemiBin2	DRR070905	45	20	17
gut_9.4Gb	SemiBin2	DRR070906	33	18	17
gut_9.4Gb	SemiBin2	DRR070907	28	17	17
gut_9.4Gb	SemiBin2	DRR070909	51	22	18
gut_9.4Gb	SemiBin2	DRR070913	23	9	9
gut_9.4Gb	SemiBin2	DRR070914	44	26	24
gut_9.4Gb	SemiBin2	DRR070917	34	21	20
gut_9.4Gb	SemiBin2	DRR070919	35	10	8
gut_9.4Gb	SemiBin2	DRR070921	61	27	22
gut_9.4Gb	SemiBin2	DRR070923	53	24	21
gut_9.4Gb	SemiBin2	DRR070924	40	18	16
gut_9.4Gb	SemiBin2	DRR070925	19	13	12
gut_9.4Gb	SemiBin2	DRR070928	36	20	18
gut_9.4Gb	SemiBin2	DRR070929	25	12	12
gut_9.4Gb	SemiBin2	DRR070930	60	21	17
gut_9.4Gb	SemiBin2	DRR070931	38	18	16
gut_9.4Gb	SemiBin2	DRR070933	42	15	13
gut_9.4Gb	SemiBin2	DRR070934	40	22	18
gut_9.4Gb	SemiBin2(multi)	DRR070900	49	27	20
gut_9.4Gb	SemiBin2(multi)	DRR070904	37	16	7
gut_9.4Gb	SemiBin2(multi)	DRR070905	49	24	17
gut_9.4Gb	SemiBin2(multi)	DRR070906	37	18	11
gut_9.4Gb	SemiBin2(multi)	DRR070907	28	20	18
gut_9.4Gb	SemiBin2(multi)	DRR070909	54	25	14
gut_9.4Gb	SemiBin2(multi)	DRR070913	24	12	10
gut_9.4Gb	SemiBin2(multi)	DRR070914	46	28	19
gut_9.4Gb	SemiBin2(multi)	DRR070917	38	22	15
gut_9.4Gb	SemiBin2(multi)	DRR070919	36	11	7
gut_9.4Gb	SemiBin2(multi)	DRR070921	61	29	19
gut_9.4Gb	SemiBin2(multi)	DRR070923	60	30	22
gut_9.4Gb	SemiBin2(multi)	DRR070924	44	26	16
gut_9.4Gb	SemiBin2(multi)	DRR070925	19	13	10
gut_9.4Gb	SemiBin2(multi)	DRR070928	36	24	21
gut_9.4Gb	SemiBin2(multi)	DRR070929	25	14	11
gut_9.4Gb	SemiBin2(multi)	DRR070930	69	33	23
gut_9.4Gb	SemiBin2(multi)	DRR070931	38	18	14
gut_9.4Gb	SemiBin2(multi)	DRR070933	45	18	15
gut_9.4Gb	SemiBin2(multi)	DRR070934	42	25	17
gut_9.4Gb	VAMB	DRR070900	30	11	11
gut_9.4Gb	VAMB	DRR070904	18	8	7
gut_9.4Gb	VAMB	DRR070905	25	8	7
gut_9.4Gb	VAMB	DRR070906	24	8	8
gut_9.4Gb	VAMB	DRR070907	14	7	7
gut_9.4Gb	VAMB	DRR070909	34	13	12
gut_9.4Gb	VAMB	DRR070913	11	8	8
gut_9.4Gb	VAMB	DRR070914	27	12	10
gut_9.4Gb	VAMB	DRR070917	23	9	9
gut_9.4Gb	VAMB	DRR070919	15	5	5
gut_9.4Gb	VAMB	DRR070921	30	14	12
gut_9.4Gb	VAMB	DRR070923	34	15	13
gut_9.4Gb	VAMB	DRR070924	19	10	10
gut_9.4Gb	VAMB	DRR070925	13	4	4
gut_9.4Gb	VAMB	DRR070928	23	12	11
gut_9.4Gb	VAMB	DRR070929	14	4	4
gut_9.4Gb	VAMB	DRR070930	28	8	8
gut_9.4Gb	VAMB	DRR070931	26	12	12
gut_9.4Gb	VAMB	DRR070933	25	8	7
gut_9.4Gb	VAMB	DRR070934	29	13	11
gut_9.4Gb	VAMB(multi)	DRR070900	39	16	14
gut_9.4Gb	VAMB(multi)	DRR070904	27	12	12
gut_9.4Gb	VAMB(multi)	DRR070905	41	11	11
gut_9.4Gb	VAMB(multi)	DRR070906	31	10	9
gut_9.4Gb	VAMB(multi)	DRR070907	24	10	10
gut_9.4Gb	VAMB(multi)	DRR070909	42	13	13
gut_9.4Gb	VAMB(multi)	DRR070913	19	6	6
gut_9.4Gb	VAMB(multi)	DRR070914	40	17	16
gut_9.4Gb	VAMB(multi)	DRR070917	32	16	15
gut_9.4Gb	VAMB(multi)	DRR070919	25	6	6
gut_9.4Gb	VAMB(multi)	DRR070921	49	16	14
gut_9.4Gb	VAMB(multi)	DRR070923	45	20	18
gut_9.4Gb	VAMB(multi)	DRR070924	37	11	11
gut_9.4Gb	VAMB(multi)	DRR070925	19	9	9
gut_9.4Gb	VAMB(multi)	DRR070928	31	12	11
gut_9.4Gb	VAMB(multi)	DRR070929	19	6	6
gut_9.4Gb	VAMB(multi)	DRR070930	56	15	15
gut_9.4Gb	VAMB(multi)	DRR070931	32	11	10
gut_9.4Gb	VAMB(multi)	DRR070933	30	12	12
gut_9.4Gb	VAMB(multi)	DRR070934	35	14	13
soil	binny	SRR1586252	2	0	0
soil	binny	SRR1586255	3	1	0
soil	binny	SRR1586259	3	1	0
soil	binny	SRR1586261	1	0	0
soil	binny	SRR1586262	2	0	0
soil	binny	SRR1586272	2	0	0
soil	binny	SRR1586288	14	6	4
soil	binny	SRR1586289	5	2	2
soil	binny	SRR1586290	4	1	0
soil	binny	SRR1586291	3	1	1
soil	binny	SRR1586295	1	1	1
soil	binny	SRR1586301	5	1	1
soil	binny	SRR1586303	4	2	0
soil	binny	SRR1586308	7	2	2
soil	binny	SRR1586311	5	0	0
soil	binny	SRR1586313	3	1	1
soil	binny	SRR1586315	5	1	0
soil	COMEBin	SRR1586252	8	1	1
soil	COMEBin	SRR1586254	1	0	0
soil	COMEBin	SRR1586255	5	2	2
soil	COMEBin	SRR1586259	8	1	1
soil	COMEBin	SRR1586261	3	0	0
soil	COMEBin	SRR1586262	6	1	1
soil	COMEBin	SRR1586272	16	3	3
soil	COMEBin	SRR1586288	20	8	6
soil	COMEBin	SRR1586289	15	4	2
soil	COMEBin	SRR1586290	8	0	0
soil	COMEBin	SRR1586291	4	1	1
soil	COMEBin	SRR1586295	4	1	1
soil	COMEBin	SRR1586301	13	3	2
soil	COMEBin	SRR1586303	13	2	2
soil	COMEBin	SRR1586308	12	3	3
soil	COMEBin	SRR1586311	14	3	3
soil	COMEBin	SRR1586313	3	2	1
soil	COMEBin	SRR1586315	10	1	1
soil	CONCOCT	SRR1586252	1	0	0
soil	CONCOCT	SRR1586254	0	0	0
soil	CONCOCT	SRR1586255	4	1	0
soil	CONCOCT	SRR1586259	3	2	0
soil	CONCOCT	SRR1586261	1	0	0
soil	CONCOCT	SRR1586262	2	0	0
soil	CONCOCT	SRR1586272	2	0	0
soil	CONCOCT	SRR1586283	0	0	0
soil	CONCOCT	SRR1586288	3	1	0
soil	CONCOCT	SRR1586289	4	1	0
soil	CONCOCT	SRR1586290	3	0	0
soil	CONCOCT	SRR1586291	2	1	1
soil	CONCOCT	SRR1586295	0	0	0
soil	CONCOCT	SRR1586299	0	0	0
soil	CONCOCT	SRR1586301	4	1	0
soil	CONCOCT	SRR1586303	4	1	0
soil	CONCOCT	SRR1586308	4	2	0
soil	CONCOCT	SRR1586311	2	0	0
soil	CONCOCT	SRR1586313	0	0	0
soil	CONCOCT	SRR1586315	4	0	0
soil	MaxBin2	SRR1586252	0	0	0
soil	MaxBin2	SRR1586254	1	0	0
soil	MaxBin2	SRR1586255	1	0	0
soil	MaxBin2	SRR1586259	1	1	0
soil	MaxBin2	SRR1586261	0	0	0
soil	MaxBin2	SRR1586262	1	0	0
soil	MaxBin2	SRR1586272	3	0	0
soil	MaxBin2	SRR1586283	0	0	0
soil	MaxBin2	SRR1586288	4	3	2
soil	MaxBin2	SRR1586289	3	1	0
soil	MaxBin2	SRR1586290	1	0	0
soil	MaxBin2	SRR1586291	2	1	1
soil	MaxBin2	SRR1586295	1	1	0
soil	MaxBin2	SRR1586299	0	0	0
soil	MaxBin2	SRR1586301	1	1	1
soil	MaxBin2	SRR1586303	3	2	0
soil	MaxBin2	SRR1586308	3	1	0
soil	MaxBin2	SRR1586311	3	2	1
soil	MaxBin2	SRR1586313	2	1	0
soil	MaxBin2	SRR1586315	3	1	0
soil	MetaBAT2	SRR1586252	3	0	0
soil	MetaBAT2	SRR1586254	0	0	0
soil	MetaBAT2	SRR1586255	3	0	0
soil	MetaBAT2	SRR1586259	2	1	1
soil	MetaBAT2	SRR1586261	0	0	0
soil	MetaBAT2	SRR1586262	1	0	0
soil	MetaBAT2	SRR1586272	4	1	1
soil	MetaBAT2	SRR1586288	12	3	2
soil	MetaBAT2	SRR1586289	8	1	1
soil	MetaBAT2	SRR1586290	3	1	1
soil	MetaBAT2	SRR1586291	2	1	1
soil	MetaBAT2	SRR1586295	1	1	1
soil	MetaBAT2	SRR1586301	5	1	0
soil	MetaBAT2	SRR1586303	6	1	1
soil	MetaBAT2	SRR1586308	5	1	1
soil	MetaBAT2	SRR1586311	7	1	1
soil	MetaBAT2	SRR1586313	3	0	0
soil	MetaBAT2	SRR1586315	5	0	0
soil	MetaBinner	SRR1586252	3	0	0
soil	MetaBinner	SRR1586254	1	0	0
soil	MetaBinner	SRR1586255	3	1	1
soil	MetaBinner	SRR1586259	3	2	0
soil	MetaBinner	SRR1586261	1	0	0
soil	MetaBinner	SRR1586262	2	1	0
soil	MetaBinner	SRR1586272	9	0	0
soil	MetaBinner	SRR1586288	12	2	2
soil	MetaBinner	SRR1586289	7	1	0
soil	MetaBinner	SRR1586290	5	0	0
soil	MetaBinner	SRR1586291	1	1	0
soil	MetaBinner	SRR1586295	3	1	1
soil	MetaBinner	SRR1586301	7	2	1
soil	MetaBinner	SRR1586303	6	1	0
soil	MetaBinner	SRR1586308	6	2	1
soil	MetaBinner	SRR1586311	7	2	1
soil	MetaBinner	SRR1586313	3	1	0
soil	MetaBinner	SRR1586315	7	1	1
soil	MetaDecoder	SRR1586252	5	0	0
soil	MetaDecoder	SRR1586255	5	0	0
soil	MetaDecoder	SRR1586259	4	0	0
soil	MetaDecoder	SRR1586261	0	0	0
soil	MetaDecoder	SRR1586262	2	0	0
soil	MetaDecoder	SRR1586272	6	1	1
soil	MetaDecoder	SRR1586288	13	4	4
soil	MetaDecoder	SRR1586289	8	2	1
soil	MetaDecoder	SRR1586290	3	1	1
soil	MetaDecoder	SRR1586291	1	1	1
soil	MetaDecoder	SRR1586295	1	1	1
soil	MetaDecoder	SRR1586301	6	1	0
soil	MetaDecoder	SRR1586303	6	0	0
soil	MetaDecoder	SRR1586308	5	1	1
soil	MetaDecoder	SRR1586311	8	1	0
soil	MetaDecoder	SRR1586313	1	0	0
soil	MetaDecoder	SRR1586315	7	0	0
soil	SemiBin2	SRR1586252	3	0	0
soil	SemiBin2	SRR1586254	0	0	0
soil	SemiBin2	SRR1586255	4	0	0
soil	SemiBin2	SRR1586259	2	0	0
soil	SemiBin2	SRR1586261	0	0	0
soil	SemiBin2	SRR1586262	1	0	0
soil	SemiBin2	SRR1586272	7	1	1
soil	SemiBin2	SRR1586288	13	3	3
soil	SemiBin2	SRR1586289	5	0	0
soil	SemiBin2	SRR1586290	4	1	1
soil	SemiBin2	SRR1586291	1	1	1
soil	SemiBin2	SRR1586295	1	1	1
soil	SemiBin2	SRR1586299	0	0	0
soil	SemiBin2	SRR1586301	7	0	0
soil	SemiBin2	SRR1586303	6	1	1
soil	SemiBin2	SRR1586308	6	2	2
soil	SemiBin2	SRR1586311	9	0	0
soil	SemiBin2	SRR1586313	4	0	0
soil	SemiBin2	SRR1586315	7	0	0
soil	SemiBin2(multi)	SRR1586252	5	0	0
soil	SemiBin2(multi)	SRR1586254	0	0	0
soil	SemiBin2(multi)	SRR1586255	6	0	0
soil	SemiBin2(multi)	SRR1586259	7	0	0
soil	SemiBin2(multi)	SRR1586261	0	0	0
soil	SemiBin2(multi)	SRR1586262	4	0	0
soil	SemiBin2(multi)	SRR1586272	11	3	3
soil	VAMB	SRR1586252	0	0	0
soil	VAMB	SRR1586255	1	0	0
soil	VAMB	SRR1586259	1	0	0
soil	VAMB	SRR1586262	0	0	0
soil	VAMB	SRR1586272	2	0	0
soil	VAMB	SRR1586288	5	0	0
soil	VAMB	SRR1586289	2	0	0
soil	VAMB	SRR1586290	1	0	0
soil	VAMB	SRR1586301	2	1	1
soil	VAMB	SRR1586303	2	0	0
soil	VAMB	SRR1586308	2	1	1
soil	VAMB	SRR1586311	2	0	0
soil	VAMB	SRR1586313	1	0	0
soil	VAMB	SRR1586315	1	0	0
soil	VAMB(multi)	SRR1586252	1	0	0
soil	VAMB(multi)	SRR1586254	0	0	0
soil	VAMB(multi)	SRR1586255	2	0	0
soil	VAMB(multi)	SRR1586259	2	1	1
soil	VAMB(multi)	SRR1586261	1	0	0
soil	VAMB(multi)	SRR1586262	2	0	0
soil	VAMB(multi)	SRR1586272	4	0	0
soil	VAMB(multi)	SRR1586288	11	6	5
soil	VAMB(multi)	SRR1586289	5	3	2
soil	VAMB(multi)	SRR1586290	3	0	0
soil	VAMB(multi)	SRR1586291	1	1	1
soil	VAMB(multi)	SRR1586295	1	1	1
soil	VAMB(multi)	SRR1586301	6	1	0
soil	VAMB(multi)	SRR1586303	1	1	1
soil	VAMB(multi)	SRR1586308	1	0	0
soil	VAMB(multi)	SRR1586311	5	1	1
soil	VAMB(multi)	SRR1586313	0	0	0
soil	VAMB(multi)	SRR1586315	4	0	0
